,流域,行政区,河名,站名,时间,水位(米),流量(米^3/秒),警戒水位(米)
0,黑龙江,吉林省,嫩江,大赉,11-11 14:00,128.77,1600,131.74
1,黑龙江,吉林省,松花江,扶余,11-11 08:00,129.26,355,133.56
2,玛纳斯湖流域,新疆维吾尔自治区,玛纳斯河,肯斯瓦特,11-11 08:00,7.59,18,0.0
3,塔里木河,新疆维吾尔自治区,叶尔羌河,库鲁克栏干,11-11 08:00,5.88,71,0.0
4,塔里木河,新疆维吾尔自治区,叶尔羌河,卡群,11-11 08:00,5.45,103,0.0
5,塔里木河,新疆维吾尔自治区,盖孜河,克勒克,11-11 08:00,5.43,36,0.0
6,塔里木河,新疆维吾尔自治区,库山河,沙曼,11-11 08:00,5.19,10,0.0
7,塔里木河,新疆维吾尔自治区,开都河,大山口,11-11 08:00,6.44,51,0.0
8,塔里木河,新疆维吾尔自治区,开都河,焉耆,11-11 08:00,4.01,46,0.0
9,塔里木河,新疆维吾尔自治区,博斯腾湖,博斯腾湖,11-11 08:00,7.47,0,0.0
10,塔里木河,新疆维吾尔自治区,黄水沟,黄水沟,11-11 08:00,3.34,3,0.0
11,塔里木河,新疆维吾尔自治区,孔雀河,他什店,11-11 08:00,5.48,42,0.0
12,塔里木河,新疆维吾尔自治区,黑孜河,黑孜,11-11 08:00,3.56,3,0.0
13,塔里木河,新疆维吾尔自治区,卡墙河,且末,11-11 08:00,4.15,6,0.0
14,内陆,青海省,巴音河,德令哈(三）,11-11 08:00,3024.73,10,0.0
15,内陆,青海省,格尔木河,格尔木（四）,11-11 08:00,2934.25,25,0.0
16,黑龙江,吉林省,松花江干流,下岱吉,11-11 14:00,122.9,2150,126.32
17,第二松花江,吉林省,二道松花江,汉阳屯,11-11 08:00,444.32,54,449.5
18,第二松花江,吉林省,五道白河,松江,11-11 08:00,547.27,6,549.6
19,第二松花江,吉林省,古洞河,大甸子,11-11 08:00,542.08,5,544.2
20,第二松花江,吉林省,富尔河,大蒲柴河,11-11 08:00,524.9,15,528.0
21,第二松花江,吉林省,漫江,漫江,11-11 14:00,819.55,9,0.0
22,松花江流域,吉林省,头道松花江,高丽城子,11-11 14:00,419.97,29,422.07
23,第二松花江,吉林省,珠子河,靖宇,11-11 14:00,540.95,1,0.0
24,第二松花江,吉林省,辉发河,五道沟,11-11 14:00,264.71,47,270.0
25,松花江,吉林省,莲河,东丰,11-11 08:00,335.59,1,338.0
26,松花江流域,吉林省,三统河,样子哨,11-11 08:00,321.42,21,323.94
27,第二松花江,吉林省,金沙河,民立,11-11 14:00,268.46,2,271.97
28,第二松花江,吉林省,漂河,横道子,11-11 14:00,277.63,5,279.41
29,第二松花江,吉林省,蛟河,蛟河,11-11 14:00,265.2,4,268.6
30,第二松花江,吉林省,第二松花江,吉林,11-11 14:00,186.02,202,189.39
31,第二松花江,吉林省,第二松花江,松花江,11-11 08:00,149.5,256,154.46
32,第二松花江,吉林省,温德河,口前,11-11 14:00,219.46,3,223.0
33,第二松花江,吉林省,饮马河,长岭,11-11 08:00,192.14,5,197.0
34,第二松花江,吉林省,饮马河,德惠,11-11 08:00,151.28,18,155.5
35,第二松花江,吉林省,伊通河,农安,11-11 08:00,161.15,27,167.53
36,松花江,吉林省,拉林河,牛头山,11-11 14:00,150.71,0,158.87
37,黑龙江,吉林省,拉林河,蔡家沟,11-11 14:00,135.72,37,139.9
38,松花江,吉林省,卡岔河,榆树,11-11 08:00,162.59,1,167.42
39,黑龙江流域,内蒙古自治区,洮儿河,察尔森,11-11 08:00,329.26,46,330.8
40,黑龙江,吉林省,洮儿河,洮南,11-11 08:00,145.77,78,148.89
41,黑龙江流域,内蒙古自治区,归流河,大石寨,11-11 08:00,3.02,29,4.2
42,黑龙江流域,内蒙古自治区,蛟流河,杜尔基,11-11 08:00,13.96,7,15.0
43,黑龙江流域,内蒙古自治区,霍林河,白云胡硕,11-11 08:00,250.26,19,251.9
44,图们江,吉林省,嘎呀河,东明,11-11 08:00,199.86,81,203.0
45,图们江,吉林省,布尔哈通河,榆树川,11-11 08:00,282.18,6,284.8
46,图们江,吉林省,海兰河,龙山,11-11 08:00,214.78,4,0.0
47,图们江,吉林省,珲春河,新农,11-11 08:00,20.8,30,24.0
48,鸭绿江流域,吉林省,浑江,八道江,11-11 14:00,472.15,7,474.42
49,鸭绿江流域,吉林省,浑江,东村,11-11 08:00,329.71,66,334.04
50,辽河流域,内蒙古自治区,西辽河,通辽(五),11-11 08:00,0.0,0,182.4
51,辽河,吉林省,西辽河,郑家屯,11-11 14:00,112.34,0,116.56
52,辽河流域,辽宁省,老哈河,兴隆坡,11-11 14:00,6.15,2,9.5
53,辽河流域,内蒙古自治区,英金河,赤峰(五),11-11 08:00,558.94,0,560.48
54,辽河流域,内蒙古自治区,召苏河,新井,11-11 08:00,0.0,0,0.0
55,辽河,内蒙古自治区,崩河,沟门子(四),11-11 08:00,0.0,0,454.4
56,辽河流域,内蒙古自治区,羊肠子河,哈拉道口,11-11 08:00,0.0,0,17.0
57,辽河流域,内蒙古自治区,百岔河,万合永,11-11 08:00,8.54,0,10.51
58,辽河流域,内蒙古自治区,少冷河,乌丹(四),11-11 08:00,0.0,0,629.76
59,辽河流域,内蒙古自治区,他拉干库引水,他拉干（五）,11-11 08:00,0.0,0,0.0
60,辽河,吉林省,东辽河,王奔,11-11 14:00,107.02,24,109.79
61,辽河流域,吉林省,兴隆河,公主岭,11-11 08:00,187.42,0,190.5
62,辽河,辽宁省,辽河,福德店,11-11 08:00,85.159,34,87.96
63,辽河,辽宁省,辽河,通江口,11-11 08:00,70.284,58,72.75
64,辽河,辽宁省,辽河,马虎山,11-11 08:00,35.19,148,38.87
65,辽河,辽宁省,辽河,平安堡,11-11 08:00,23.94,120,27.18
66,辽河,辽宁省,辽河,辽中,11-11 08:00,11.5,125,14.33
67,辽河,辽宁省,辽河,六间房,11-11 08:00,7.11,120,11.0
68,辽河流域,吉林省,招苏台河,梨树,11-11 14:00,140.36,1,0.0
69,辽河,辽宁省,柴河,柴河,11-11 08:00,110.58,7,112.82
70,辽河,辽宁省,清河,八棵树,11-11 08:00,146.088,6,148.83
71,辽河,辽宁省,清河,开原,11-11 08:00,86.05,4,89.26
72,柳河,辽宁省,柳河,彰武,11-11 08:00,81.569,0,82.48
73,绕阳河,辽宁省,绕阳河,韩家杖子,11-11 08:00,109.255,0,0.0
74,绕阳河,辽宁省,绕阳河,东白城子,11-11 08:00,69.791,6,72.13
75,辽河,辽宁省,浑河,抚顺,11-11 08:00,70.75,5,75.84
76,辽河,辽宁省,浑河,沈阳,11-11 08:00,36.34,19,37.97
77,辽河,辽宁省,浑河,黄腊坨,11-11 08:00,11.148,52,16.02
78,辽河,辽宁省,浑河,邢家窝棚,11-11 08:00,3.844,71,9.49
79,辽河,辽宁省,太子河,本溪,11-11 08:00,105.3,35,107.14
80,辽河,辽宁省,太子河,辽阳,11-11 08:00,21.268,92,25.88
81,辽河,辽宁省,太子河,小林子,11-11 08:00,6.65,83,12.5
82,辽河,辽宁省,太子河,唐马寨,11-11 08:00,3.747,88,8.9
83,辽河,辽宁省,大辽河,三岔河,11-11 08:00,0.72,0,3.0
84,辽河,辽宁省,太子河(南支),南甸,11-11 08:00,262.363,5,0.0
85,辽河,辽宁省,细河,桥头,11-11 08:00,124.901,13,0.0
86,辽河,辽宁省,大凌河,朝阳,11-11 08:00,165.002,22,168.15
87,大凌河,辽宁省,大凌河,义县,11-11 08:00,60.645,46,62.28
88,大凌河,辽宁省,大凌河,凌海,11-11 08:00,17.67,63,19.21
89,渤海岸,辽宁省,小凌河,缸窑口,11-11 08:00,70.377,10,0.0
90,渤海岸,辽宁省,小凌河,锦州,11-11 08:00,16.697,0,20.04
91,辽河,辽宁省,大清河,望宝山,11-11 08:00,21.276,21,0.0
92,辽河,辽宁省,熊岳河,熊岳,11-11 08:00,13.638,1,0.0
93,辽河,辽宁省,大洋河,沙里寨,11-11 08:00,5.02,81,8.25
94,辽河,辽宁省,碧流河,茧场,11-11 08:00,82.202,7,84.2
95,海河流域,,滦河,乌龙矶,11-10 08:00,3.93,82,0.0
96,海河,河北省,滦河,滦县,11-11 14:00,22.07,0,26.0
97,海河流域,内蒙古自治区,吐力根河,大河口(四),11-11 08:00,104.98,1,106.2
98,海河,河北省,青龙河,双山子,11-11 14:00,44.72,0,0.0
99,海河,,潮白河,苏庄,11-11 08:00,24.42,9,25.67
100,海河,,白河,张家坟,11-11 08:00,182.16,18,183.42
101,海河,,白河,密云(白河坝下),11-11 08:00,0.0,45,0.0
102,海河,,潮河,下会,11-11 08:00,174.19,19,176.57
103,海河,,怀九河,前辛庄,11-11 08:00,93.77,3,96.0
104,海河,,怀沙河,口头,11-11 08:00,72.7,3,73.5
105,海河,天津市,蓟运河,九王庄闸上,11-11 08:00,5.14,0,7.18
106,海河,河北省,泃河,三河,11-11 08:00,12.08,2,13.34
107,海河,河北省,淋河,淋河桥,11-11 08:00,21.94,1,0.0
108,海河,河北省,黎河,前毛庄,11-11 08:00,26.13,13,0.0
109,海河,河北省,还乡河,崖口(三),11-11 14:00,80.24,0,0.0
110,海河,,永定河,雁翅,11-11 08:00,233.78,9,234.86
111,海河,河北省,永定河,固安,11-11 08:00,27.95,3,30.75
112,海河,山西省,桑干河,东榆林水库（坝下）,11-11 08:00,1027.34,15,0.0
113,海河,山西省,桑干河,固定桥,11-11 14:00,96.71,1,0.0
114,海河,河北省,桑干河,石匣里,11-11 08:00,823.9,18,0.0
115,海河,山西省,御河,孤山,11-11 08:00,0.0,0,0.0
116,海河,山西省,十里河,观音堂,11-11 14:00,1078.01,0,0.0
117,海河,河北省,洋河,响水堡,11-11 08:00,556.63,3,0.0
118,海河,河北省,南洋河,柴沟堡,11-11 08:00,775.11,0,0.0
119,海河,河北省,东沟,崇礼,11-11 08:00,8.45,0,0.0
120,海河,,妫水河,东大桥,11-11 08:00,480.77,1,0.0
121,海河,,清水河,清水,11-11 08:00,482.44,0,0.0
122,海河,,清水河,青白口,11-11 08:00,281.69,6,0.0
123,海河,河北省,龙河,北昌,11-11 08:00,12.87,0,0.0
124,海河,河北省,南拒马河,落宝滩（二）,11-11 08:00,0.0,0,0.0
125,海河,河北省,南拒马河,北河店,11-11 08:00,17.53,12,24.9
126,海河,河北省,白沟河,东茨村,11-11 08:00,22.45,50,25.5
127,海河,,大石河,漫水河,11-11 08:00,86.68,3,89.55
128,海河,河北省,拒马河,紫荆关（河道）,11-11 08:00,516.14,1,0.0
129,海河,,拒马河,张坊,11-11 08:00,103.81,19,0.0
130,海河,河北省,赵王新河,史各庄,11-11 08:00,6.32,125,0.0
131,海河,河北省,潴龙河,北郭村,11-11 14:00,26.14,0,28.4
132,海河,河北省,沙河,阜平（三）,11-11 08:00,250.29,18,0.0
133,海河,河北省,沙河,新乐(一),11-11 08:00,0.0,0,0.0
134,海河,河北省,沙河,新乐(三),11-11 08:00,61.75,52,0.0
135,海河,河北省,唐河,中唐梅（河道）,11-11 14:00,5.79,0,0.0
136,海河,河北省,孝义河,东方机站,11-11 14:00,8.82,0,0.0
137,海河,河北省,清水河,北辛店,11-11 14:00,13.86,0,0.0
138,海河,河北省,子牙河,九高庄,11-11 08:00,4.48,0,0.0
139,海河,河北省,洺河,临洺关(二),11-11 08:00,56.81,11,0.0
140,海河,山西省,滹沱河,界河铺,11-11 08:00,799.68,8,0.0
141,海河,山西省,滹沱河,济胜桥,11-11 14:00,16.61,9,0.0
142,海河,山西省,滹沱河,南庄,11-11 08:00,601.21,25,0.0
143,海河,河北省,滹沱河,小觉(河道二),11-11 08:00,263.1,10,0.0
144,海河,河北省,滹沱河,小觉（水电）,11-11 08:00,292.82,12,0.0
145,海河,河北省,滹沱河,北中山(二),11-11 08:00,33.77,38,37.0
146,海河,山西省,云中河,寺坪,11-11 08:00,18.02,0,0.0
147,海河,山西省,牧马河,豆罗桥,11-11 08:00,12.55,0,0.0
148,海河,河北省,冶河,微水(河道二),11-11 08:00,206.35,10,0.0
149,海河,河北省,冶河,平山(河道),11-11 08:00,121.07,35,0.0
150,海河,山西省,松溪河,泉口,11-11 14:00,4.65,1,0.0
151,海河,山西省,桃河,阳泉,11-11 14:00,676.49,2,0.0
152,海河,山东省,南运河,临清,11-11 08:00,31.51,327,35.507
153,海河,河南省,卫河,汲县,11-11 08:00,67.12,9,69.2
154,海河,河南省,卫河,淇门,11-11 08:00,62.78,75,64.1
155,海河,河南省,卫河,五陵,11-11 08:00,51.7,190,56.0
156,海河,河南省,卫河,元村,11-11 08:00,43.05,240,47.68
157,海河,山东省,卫河,南陶,11-11 08:00,37.74,356,42.161
158,海河,河南省,大沙河,修武,11-11 08:00,79.45,9,82.0
159,海河,河南省,淇河,新村,11-11 08:00,98.72,114,0.0
160,海河,河南省,共产主义渠,合河(共),11-11 08:00,73.67,37,74.0
161,海河,河南省,共产主义渠,黄土岗,11-11 08:00,68.18,53,70.0
162,海河,河南省,共产主义渠,刘庄,11-11 08:00,62.98,99,64.44
163,海河,河南省,安阳河,安阳,11-11 08:00,67.53,24,73.18
164,海河,河北省,漳河,观台(河),11-11 08:00,148.55,102,0.0
165,海河流域,,漳河,岳城水库（漳河）,11-11 08:00,0.0,120,0.0
166,海河流域,,漳河,岳城水库（民有渠）,11-11 08:00,0.0,0,0.0
167,海河流域,,漳河,岳城水库（漳南渠）,11-11 08:00,0.0,0,0.0
168,海河,河北省,漳河,蔡小庄,11-11 08:00,50.0,106,52.89
169,海河,山西省,浊漳河,石梁,11-11 08:00,901.2,35,0.0
170,海河,河南省,浊漳河,天桥断,11-11 08:00,341.81,49,0.0
171,海河流域,,浊漳河,侯壁,11-10 08:00,481.31,53,0.0
172,海河,山西省,绛河,北张店,11-11 14:00,858.04,1,0.0
173,海河,山西省,榆社河,榆社,11-11 14:00,995.21,1,0.0
174,海河,河北省,清漳河,刘家庄,11-11 08:00,555.12,27,0.0
175,海河,山西省,清漳东源,蔡家庄,11-11 14:00,11.33,0,0.0
176,海河,河南省,马颊河,南乐,11-11 08:00,42.37,1,0.0
177,海河,山东省,徒骇河,聊城,11-11 08:00,29.8,61,31.3
178,黄河,青海省,黄河,吉迈,11-11 08:00,3951.85,150,0.0
179,黄河,甘肃省,黄河,玛曲,11-11 08:00,3408.29,582,0.0
180,黄河,青海省,黄河,军功,11-11 08:00,3077.43,704,0.0
181,黄河,青海省,黄河,唐乃亥,11-11 08:00,2672.08,848,0.0
182,黄河,青海省,黄河,贵德,11-11 08:00,2200.87,745,0.0
183,黄河,青海省,黄河,循化,11-11 08:00,1862.05,1310,0.0
184,黄河,甘肃省,黄河,小川,11-11 08:00,1621.29,1370,0.0
185,黄河,甘肃省,黄河,上诠,11-11 08:00,1578.45,1400,0.0
186,黄河,甘肃省,黄河,兰州,11-11 08:00,1511.73,1410,0.0
187,黄河,甘肃省,黄河,安宁渡,11-11 08:00,1391.69,1390,0.0
188,黄河,宁夏回族自治区,黄河,下河沿,11-11 08:00,1230.6,1440,0.0
189,黄河,宁夏回族自治区,黄河,青铜峡,11-11 08:00,1133.08,785,0.0
190,黄河,宁夏回族自治区,黄河,石嘴山,11-11 08:00,1085.79,910,0.0
191,黄河,,黄河,万家寨下,11-11 08:00,899.44,398,0.0
192,黄河,,黄河,河曲,11-11 08:00,844.59,182,0.0
193,黄河,,黄河,府谷,11-11 08:00,806.47,351,0.0
194,黄河,,黄河,吴堡,11-11 08:00,636.15,540,0.0
195,黄河,陕西省,黄河,龙门,11-11 08:00,377.44,623,0.0
196,黄河,陕西省,黄河,潼关,11-11 08:00,325.59,1290,0.0
197,黄河,山西省,黄河,三门峡,11-11 08:00,274.8,1370,0.0
198,黄河,河南省,黄河,小浪底,11-11 08:00,134.86,1990,0.0
199,黄河,,黄河,花园口,11-11 08:00,89.71,2330,92.47
200,黄河,,黄河,夹河滩,11-11 08:00,72.08,2210,75.56
201,黄河,山东省,黄河,高村,11-11 08:00,58.54,2180,61.76
202,黄河,山东省,黄河,苏泗庄,11-11 14:00,54.76,0,59.8
203,黄河,山东省,黄河,杨集,11-11 14:00,46.68,0,0.0
204,黄河,山东省,黄河,孙口,11-11 08:00,44.12,2200,46.69
205,黄河,山东省,黄河,国那里,11-11 14:00,42.62,0,0.0
206,黄河,山东省,黄河,黄庄,11-11 14:00,40.31,0,0.0
207,黄河,山东省,黄河,南桥,11-11 14:00,38.54,0,0.0
208,黄河,山东省,黄河,艾山,11-11 08:00,37.61,2370,40.32
209,黄河,山东省,黄河,韩刘,11-11 14:00,32.74,0,0.0
210,黄河,山东省,黄河,北店子,11-11 14:00,28.34,0,0.0
211,黄河,山东省,黄河,泺口,11-11 08:00,26.22,2340,29.76
212,黄河,山东省,黄河,刘家园,11-11 14:00,22.24,0,0.0
213,黄河,山东省,黄河,清河镇,11-11 14:00,17.07,0,0.0
214,黄河,山东省,黄河,张肖堂,11-11 14:00,14.71,0,0.0
215,黄河,山东省,黄河,麻湾,11-11 14:00,11.75,0,0.0
216,黄河,山东省,黄河,利津,11-11 08:00,10.12,2520,12.44
217,黄河,山东省,黄河,一号坝,11-11 14:00,7.93,0,0.0
218,黄河,山东省,黄河,西河口,11-11 14:00,5.26,0,0.0
219,黄河,四川省,黑河,若尔盖,11-11 14:00,3432.73,40,3434.932
220,黄河,青海省,隆务河,同仁,11-11 08:00,2460.6,22,0.0
221,黄河,青海省,湟水,海晏（三）,11-11 08:00,2991.2,4,0.0
222,黄河,青海省,湟水,湟源,11-11 08:00,2616.9,10,0.0
223,黄河,青海省,湟水,西宁,11-11 08:00,0.0,51,0.0
224,黄河,青海省,湟水,乐都,11-11 08:00,1968.75,57,0.0
225,黄河,青海省,湟水,民和,11-11 14:00,1762.02,68,0.0
226,黄河,青海省,药水河,董家庄（三）,11-11 08:00,2634.27,1,0.0
227,黄河,青海省,西纳川,西纳川（二）,11-11 08:00,2473.12,3,0.0
228,黄河,青海省,宝库河,牛场,11-11 08:00,2993.58,5,0.0
229,黄河,青海省,北川河,桥头（五）,11-11 08:00,2436.56,24,0.0
230,黄河,青海省,大通河,享堂,11-11 14:00,1737.95,23,0.0
231,黄河,宁夏回族自治区,清水河,韩府湾（三）,11-11 14:00,1418.22,0,1420.92
232,黄河,宁夏回族自治区,清水河,泉眼山(二）,11-11 14:00,1204.57,3,1209.45
233,黄河,宁夏回族自治区,红柳沟,红柳沟鸣沙洲（四）,11-11 14:00,1164.33,1,1166.72
234,黄河,宁夏回族自治区,河东总干渠,青铜峡（东总）,11-11 08:00,1137.35,101,0.0
235,黄河,宁夏回族自治区,河西总干渠,青铜峡（西总）,11-11 08:00,1137.44,358,0.0
236,黄河,宁夏回族自治区,苦水河,苦水河 郭家桥（三）,11-11 14:00,1121.3,7,1126.0
237,黄河,宁夏回族自治区,汝箕沟,汝箕沟（三）,11-11 14:00,1181.23,0,1184.16
238,黄河,宁夏回族自治区,大武口沟,大武口（二）,11-11 14:00,1154.49,0,1158.78
239,黄河,内蒙古自治区,五当沟,东园,11-11 08:00,0.0,0,0.0
240,黄河流域,内蒙古自治区,大黑河,美岱,11-11 08:00,1103.11,0,1108.2
241,黄河流域,内蒙古自治区,清水河,清水河,11-11 08:00,0.0,0,0.0
242,黄河,山西省,偏关河,偏关,11-11 08:00,10.45,0,0.0
243,黄河,山西省,东川河,岢岚,11-11 08:00,17.77,0,0.0
244,黄河,山西省,北川河,圪洞,11-11 14:00,7.52,1,0.0
245,黄河,陕西省,延河,安塞,11-11 14:00,1051.84,0,0.0
246,黄河,陕西省,杏子河,杏河,11-11 14:00,1200.44,0,0.0
247,黄河,,窟野河,温家川,11-11 08:00,768.57,4,0.0
248,黄河,,无定河,白家川,11-11 08:00,709.05,32,0.0
249,黄河,陕西省,大理河,绥德,11-11 14:00,811.78,0,0.0
250,黄河,山西省,涑水河,张留庄,11-11 08:00,342.05,12,0.0
251,黄河,山西省,汾河,静乐,11-11 14:00,1194.0,25,0.0
252,黄河,山西省,汾河,寨上,11-11 08:00,698.21,4,0.0
253,黄河,山西省,汾河,兰村,11-11 08:00,807.61,1,0.0
254,黄河,山西省,汾河,汾河二坝（河道二）,11-11 08:00,758.6,16,0.0
255,黄河,山西省,汾河,义棠,11-11 14:00,726.05,41,0.0
256,黄河,山西省,汾河,赵城,11-11 14:00,473.32,46,0.0
257,黄河,山西省,汾河,柴庄,11-11 14:00,401.6,68,0.0
258,黄河,山西省,汾河,河津,11-11 14:00,372.39,72,0.0
259,黄河,山西省,潇河,芦家庄,11-11 14:00,900.88,3,0.0
260,黄河,山西省,洪安涧河,东庄,11-11 14:00,498.65,1,0.0
261,黄河,甘肃省,渭河,北道,11-11 08:00,1074.21,40,1077.87
262,黄河,陕西省,渭河,拓石,11-11 08:00,868.62,78,0.0
263,黄河,陕西省,渭河,林家村,11-11 08:00,600.5,54,0.0
264,黄河,陕西省,渭河,魏家堡,11-11 08:00,486.88,119,0.0
265,黄河,陕西省,渭河,咸阳,11-11 08:00,376.62,176,386.2
266,黄河,陕西省,渭河,临潼,11-11 08:00,351.34,296,0.0
267,黄河,陕西省,渭河,华县,11-11 08:00,334.71,317,340.0
268,黄河,陕西省,渭河,华阴,11-11 08:00,327.29,0,0.0
269,黄河,宁夏回族自治区,清流河,隆德,11-11 14:00,2089.87,0,2091.0
270,黄河,宁夏回族自治区,泾河,泾河源（三）,11-11 14:00,1740.08,0,1743.0
271,黄河,陕西省,泾河,景村,11-11 08:00,814.55,79,0.0
272,黄河,陕西省,泾河,张家山,11-11 08:00,420.38,65,0.0
273,黄河,宁夏回族自治区,茹河,彭阳,11-11 14:00,1437.97,0,1441.069
274,黄河,陕西省,北洛河,吴旗,11-11 14:00,1268.33,0,0.0
275,黄河,陕西省,北洛河,刘家河,11-11 08:00,1116.31,2,0.0
276,黄河,陕西省,北洛河,交口河,11-11 14:00,785.15,27,0.0
277,黄河,陕西省,北洛河,状头,11-11 08:00,361.12,36,0.0
278,黄河,陕西省,葫芦河,张村驿,11-11 14:00,925.64,5,0.0
279,黄河,山西省,王家河,泗交,11-11 08:00,903.16,0,0.0
280,黄河,河南省,漭河,济源,11-11 08:00,16.09,5,0.0
281,黄河,河南省,天然文岩渠,大车集,11-11 08:00,65.64,0,0.0
282,黄河,河南省,天然文岩渠,朱付村,11-11 08:00,69.69,0,0.0
283,黄河,河南省,金堤河,濮阳,11-11 08:00,49.72,0,0.0
284,黄河,河南省,金堤河,范县,11-11 08:00,43.95,10,0.0
285,黄河,山东省,牟汶河,莱芜,11-11 08:00,179.11,8,181.33
286,黄河,山东省,大汶河,北望,11-11 08:00,107.63,70,113.65
287,黄河,山东省,大汶河,大汶口,11-11 08:00,91.37,5,93.7
288,黄河,山东省,大汶河,戴村坝,11-11 08:00,41.57,100,45.1
289,黄河,山东省,大汶河南支,楼德,11-11 08:00,112.63,20,117.3
290,黄河,河南省,伊洛河,黑石关,11-11 08:00,106.51,212,110.78
291,黄河,河南省,伊河,龙门镇,11-11 08:00,147.52,64,148.93
292,黄河,陕西省,伊洛河,灵口,11-11 14:00,763.71,44,0.0
293,黄河,河南省,洛河,长水（二）,11-11 08:00,378.31,79,0.0
294,黄河,河南省,洛河,白马寺,11-11 08:00,113.16,125,120.5
295,黄河,山西省,沁河,孔家坡,11-11 08:00,850.0,11,0.0
296,黄河,山西省,沁河,飞岭,11-11 14:00,9.15,22,0.0
297,黄河,河南省,沁河,五龙口,11-11 08:00,140.6,119,0.0
298,黄河,河南省,沁河,武陟,11-11 08:00,99.67,67,105.67
299,淮诃,山东省,小清河,黄台桥,11-11 08:00,24.12,23,24.96
300,淮河,山东省,小清河,岔河,11-11 08:00,4.12,95,7.18
301,淮河,山东省,小清河,石村,11-11 08:00,1.99,96,5.23
302,淮河,山东省,清洋河,臧格庄,11-11 08:00,5.27,2,0.0
303,淮河,河南省,淮河,大坡岭,11-11 08:00,94.4,5,0.0
304,淮河,河南省,淮河,长台关,11-11 08:00,61.51,7,0.0
305,淮河,河南省,淮河,息县,11-11 08:00,32.07,57,41.5
306,淮河,河南省,淮河,淮滨,11-11 08:00,21.52,72,29.5
307,淮河,安徽省,洪河分洪道,地理城,11-11 14:00,24.27,0,0.0
308,淮河,安徽省,淮河,王家坝,11-11 14:00,21.49,79,27.5
309,淮河,安徽省,淮河,润河集,11-11 14:00,21.48,0,25.3
310,淮河,安徽省,淮河,正阳关,11-11 14:00,18.18,0,24.0
311,淮河,安徽省,淮河,鲁台子,11-11 14:00,18.23,0,23.8
312,淮河,安徽省,淮河,淮南,11-11 14:00,18.17,0,22.3
313,淮河,安徽省,淮河,蚌埠闸下,11-11 14:00,13.62,0,0.0
314,淮河,安徽省,淮河,吴家渡,11-11 14:00,13.6,267,20.3
315,淮河,安徽省,淮河,临淮关,11-11 14:00,13.65,0,19.0
316,淮河,安徽省,淮河,五河,11-11 14:00,13.62,0,18.0
317,淮河,安徽省,淮河,小柳巷,11-11 14:00,13.63,554,0.0
318,淮河,江苏省,淮河,盱眙,11-11 14:00,13.67,0,14.6
319,淮河,河南省,竹竿河,竹竿铺,11-11 08:00,38.06,19,45.7
320,淮河,河南省,闾河,王勿桥,11-11 08:00,45.0,0,0.0
321,淮河,河南省,潢河,新县,11-11 08:00,81.86,4,0.0
322,淮河,河南省,潢河,潢川,11-11 08:00,33.49,8,37.8
323,淮河,河南省,白鹭河,北庙集,11-11 08:00,25.41,8,31.0
324,淮河,河南省,洪河,杨庄,11-11 08:00,58.16,4,64.5
325,淮河,河南省,洪河,桂李,11-11 08:00,58.14,4,60.5
326,淮河,河南省,洪河,五沟营,11-11 08:00,49.3,2,55.29
327,淮河,河南省,洪河,庙湾,11-11 08:00,35.27,6,41.0
328,淮河,河南省,洪河,新蔡,11-11 08:00,25.88,13,34.3
329,淮河,河南省,洪河,班台,11-11 08:00,22.94,19,33.5
330,淮河,安徽省,洪河,方集,11-11 14:00,21.56,0,30.5
331,淮河,河南省,汝河,遂平,11-11 08:00,54.98,7,63.5
332,淮河,河南省,练江河,驻马店,11-11 08:00,74.94,0,0.0
333,淮河,安徽省,池河,石角桥,11-11 14:00,23.19,0,0.0
334,淮河,安徽省,池河,明光,11-11 14:00,13.8,0,17.0
335,淮河,安徽省,史河,黄泥庄,11-11 14:00,136.17,0,0.0
336,淮河,河南省,史河,蒋家集,11-11 08:00,24.99,28,32.0
337,淮河,安徽省,麻河,七邻,11-11 14:00,159.66,3,0.0
338,淮河,河南省,颍河,告成,11-11 08:00,238.23,7,0.0
339,淮河,河南省,颍河,黄桥,11-11 08:00,48.66,46,51.5
340,淮河,河南省,颍河,周口,11-11 08:00,42.78,126,46.1
341,淮河,河南省,颍河,槐店,11-11 08:00,33.27,129,37.86
342,淮河,安徽省,颍河,界首,11-11 14:00,33.45,0,37.0
343,淮河,河南省,沙河,漯河,11-11 08:00,56.36,40,59.5
344,淮河,河南省,北汝河,紫罗山,11-11 08:00,286.74,7,0.0
345,淮河,河南省,北汝河,汝州,11-11 08:00,193.43,11,0.0
346,淮河,河南省,澧河,何口,11-11 08:00,58.56,17,68.0
347,淮河,河南省,贾鲁河,中牟,11-11 08:00,73.86,18,0.0
348,淮河,河南省,双洎河,新郑,11-11 08:00,95.8,7,0.0
349,淮河,安徽省,黄尾河,黄尾河,11-11 14:00,223.62,1,0.0
350,淮河,河南省,涡河,邸阁,11-11 08:00,56.74,0,0.0
351,淮河,河南省,惠济河,大王庙,11-11 08:00,56.46,21,0.0
352,淮河,江苏省,怀洪新河,双沟(合),11-11 14:00,13.55,0,14.5
353,淮河,江苏省,濉河,泗洪(濉),11-11 14:00,13.8,0,15.66
354,淮河,江苏省,老濉河,泗洪(老),11-11 14:00,13.86,0,15.41
355,淮河,江苏省,徐洪河,金锁镇,11-11 14:00,13.63,0,15.5
356,淮河,江苏省,洪泽湖,尚咀,11-11 14:00,13.68,0,13.6
357,淮河,江苏省,洪泽湖,蒋坝,11-11 14:00,13.62,0,13.6
358,淮河,江苏省,洪泽湖,老子山,11-11 14:00,13.62,0,0.0
359,淮河,江苏省,入江水道,金湖,11-11 14:00,7.77,0,10.6
360,淮河,江苏省,高邮湖,高邮(高),11-11 14:00,6.26,0,8.5
361,淮河,江苏省,邵伯湖,六闸(三),11-11 14:00,5.33,0,7.5
362,淮河,安徽省,白塔河,天长,11-11 14:00,6.17,0,9.0
363,淮河,江苏省,里运河,宝应,11-11 14:00,6.67,0,9.0
364,淮河,江苏省,里运河,高邮(大),11-11 14:00,6.43,0,8.46
365,长江,江苏省,通扬运河,泰州(通),11-11 14:00,2.43,0,3.8
366,淮河,江苏省,通扬运河,海安(通),11-11 14:00,2.49,0,3.0
367,淮河,江苏省,泰东河,东台(泰）,11-11 14:00,1.26,0,1.8
368,淮河,江苏省,南官河,兴化,11-11 14:00,1.32,0,2.0
369,淮\u3000河,江苏省,西塘河,建湖,11-11 14:00,0.88,0,1.6
370,淮河,江苏省,射阳河,阜宁,11-11 14:00,0.78,0,1.3
371,淮河,江苏省,串场河,盐城,11-11 14:00,0.87,0,1.7
372,淮河,山东省,沂河,东里店,11-11 08:00,199.63,6,202.84
373,淮河,山东省,沂河,葛沟,11-11 08:00,89.33,65,91.71
374,淮河,山东省,沂河,临沂,11-11 08:00,60.63,95,64.05
375,淮河,江苏省,沂河,港上,11-11 14:00,29.65,0,33.5
376,淮河,江苏省,新沂河,沭阳,11-11 14:00,5.44,0,9.5
377,淮河,山东省,东汶河,蒙阴,11-11 08:00,176.05,3,0.0
378,淮河,山东省,蒙河,高里,11-11 08:00,82.88,6,0.0
379,淮河,山东省,祊河,姜庄湖,11-11 08:00,80.93,0,0.0
380,淮河,山东省,祊河,角沂,11-11 08:00,66.5,8,71.31
381,淮河,江苏省,新开河,桐槐树,11-11 14:00,8.04,0,10.6
382,淮河,山东省,沭河,莒县,11-11 08:00,106.06,2,108.5
383,淮河,山东省,新沭河,大兴镇,11-11 14:00,24.53,0,0.0
384,淮河,江苏省,老沭河,新安,11-11 14:00,26.598,0,28.5
385,淮河,江苏省,蔷薇河,临洪,11-11 14:00,2.8,0,4.7
386,淮河,江苏省,盐河,灌云,11-11 14:00,1.9,0,3.1
387,淮河,山东省,大运河,后营,11-11 08:00,35.04,0,37.7
388,淮河,山东省,南阳湖,南阳,11-11 14:00,34.8,0,35.0
389,淮河,山东省,独山湖,马口,11-11 08:00,34.88,0,35.0
390,淮河,山东省,微山湖,微山,11-11 14:00,32.79,0,34.5
391,淮河,山东省,微山湖,韩庄(微),11-11 08:00,32.8,0,34.5
392,淮河,江苏省,大运河,滩上集,11-11 14:00,23.2,0,0.0
393,淮河,江苏省,大运河,运河,11-11 14:00,23.15,0,24.5
394,淮河,山东省,洸府河,黄庄,11-11 08:00,36.19,0,37.5
395,淮河,山东省,泗河,书院,11-11 08:00,67.48,0,67.7
396,淮河,山东省,泗河,波罗树,11-11 08:00,36.38,0,0.0
397,淮河,山东省,白马河,马楼,11-11 08:00,5.05,0,8.12
398,淮河,山东省,城河,滕州,11-11 08:00,63.39,3,66.352
399,淮河,山东省,十字河,柴胡店,11-11 08:00,41.68,1,46.036
400,淮河,江苏省,分洪道,林子,11-11 14:00,24.9,0,28.5
401,淮河,山东省,万福河,孙庄 （二）,11-11 08:00,34.78,0,36.5
402,淮河,山东省,东鱼河,鱼台,11-11 08:00,34.68,0,35.45
403,淮河,山东省,胜利河,黄寺,11-11 08:00,45.07,7,0.0
404,长江,青海省,通天河,直门达,11-11 08:00,3524.75,368,0.0
405,长江,四川省,金沙江,岗拖(三),11-11 14:00,3571.42,521,0.0
406,长江,云南省,金沙江,石鼓,11-11 14:00,1819.54,1210,1822.5
407,长江,四川省,金沙江,攀枝花(二),11-11 14:00,986.56,532,999.91
408,长江,云南省,金沙江,龙街(三),11-11 14:00,973.89,0,0.0
409,长江,四川省,金沙江,华弹,11-11 14:00,811.08,0,0.0
410,长江,四川省,金沙江,宜宾(二),11-11 14:00,262.88,6550,277.9
411,长江,四川省,长江,李庄,11-11 14:00,259.4,0,270.5
412,长江,四川省,长江,泸州(三),11-11 14:00,228.22,7200,240.5
413,长江,四川省,长江,合江,11-11 14:00,209.79,0,221.8
414,长江,重庆市,长江,朱沱(三),11-11 14:00,199.9,8160,211.0
415,长江,重庆市,长江,寸滩,11-11 14:00,175.29,10500,180.5
416,长江,重庆市,长江,长寿(二),11-11 14:00,174.58,0,0.0
417,长江,重庆市,长江,清溪场(四),11-11 14:00,174.65,0,0.0
418,长江,重庆市,长江,忠县(二),11-11 14:00,174.64,0,0.0
419,长江,重庆市,长江,万县(二),11-11 14:00,174.64,0,0.0
420,长江,重庆市,长江,奉节(二),11-11 14:00,174.56,0,0.0
421,长江,重庆市,长江,巫山,11-11 14:00,174.41,0,0.0
422,长江,湖北省,长江,巴东(三),11-11 14:00,174.43,0,0.0
423,长江,湖北省,长江,茅坪(二),11-11 14:00,174.49,0,0.0
424,长江,湖北省,长江,三斗坪(二),11-11 14:00,64.579,0,0.0
425,长江,湖北省,长江,黄陵庙(陡),11-11 14:00,64.35,10400,0.0
426,长江,湖北省,长江,南津关(二),11-11 14:00,64.15,0,0.0
427,长江,湖北省,长江,葛洲坝5#,11-11 14:00,64.1,0,0.0
428,长江,湖北省,长江,宜昌,11-11 14:00,42.286,12800,53.0
429,长江,湖北省,长江,枝城,11-11 14:00,39.55,12600,49.0
430,长江,湖北省,长江,马家店,11-11 14:00,35.49,0,0.0
431,长江,湖北省,长江,陈家湾,11-11 14:00,33.29,0,43.0
432,长江,湖北省,长江,沙市,11-11 14:00,33.02,11100,43.0
433,长江,湖北省,长江,郝穴(二),11-11 14:00,31.26,0,0.0
434,长江,湖北省,长江,新厂(二),11-11 14:00,30.39,0,0.0
435,长江,湖北省,长江,石首,11-11 14:00,29.86,0,38.5
436,长江,湖北省,长江,调弦口,11-11 14:00,29.21,0,37.0
437,长江,湖北省,长江,监利(二),11-11 14:00,27.72,12200,35.5
438,长江,,长江,莲花塘,11-11 14:00,23.99,0,32.5
439,长江,湖北省,长江,螺山,11-11 14:00,22.93,16500,32.0
440,长江,湖北省,长江,汉口,11-11 14:00,18.01,17800,27.3
441,长江,湖北省,长江,黄石港,11-11 14:00,14.74,0,24.5
442,长江,江西省,长江,码头镇,11-11 14:00,13.17,0,21.5
443,长江,江西省,长江,九江,11-11 14:00,12.05,20000,20.0
444,长江,安徽省,长江,安庆,11-11 14:00,8.74,0,16.7
445,长江,安徽省,长江,大通(二),11-11 14:00,7.29,23500,14.4
446,长江,云南省,硕多岗河,下桥头,11-11 14:00,1843.11,36,1844.6
447,长江,云南省,五郎河,总管田,11-11 14:00,1523.23,9,1525.19
448,长江,云南省,漾弓江,木家桥,11-11 14:00,2358.14,3,2360.0
449,长江,云南省,漾弓江,鹤庆,11-11 14:00,2182.59,14,2184.7
450,长江,云南省,落漏河,黄坪,11-11 14:00,1317.77,0,1319.8
451,长江,云南省,马过河,仁里（二）,11-11 14:00,1349.43,12,1351.4
452,长江,云南省,万马河,中和街,11-11 14:00,1554.43,3,1555.7
453,长江,四川省,雅砻江,甘孜,11-11 14:00,3320.2,270,3322.35
454,长江,四川省,雅砻江,雅江,11-11 14:00,2565.22,861,2575.35
455,长江,四川省,雅砻江,泸宁,11-11 14:00,1644.8,138,1656.85
456,长江,四川省,鲜水河,道孚,11-11 14:00,2962.92,119,2964.86
457,长江,云南省,宁蒗河,庄房（二）,11-11 14:00,2233.04,42,2235.0
458,长江,四川省,安宁河,德昌,11-11 14:00,1330.71,14,0.0
459,长江,四川省,海河,袁家山,11-11 08:00,1503.44,0,1507.25
460,长江,云南省,龙川江,楚雄,11-11 14:00,1768.49,0,1771.18
461,长江,云南省,龙川江,小黄瓜园,11-11 14:00,1044.98,1,1048.85
462,长江,云南省,螳螂川,蔡家村,11-11 14:00,1745.28,37,1747.28
463,长江,四川省,鲹鱼河,会东桥,11-11 14:00,1659.18,14,1662.3
464,长江,云南省,牛栏江,七星桥,11-11 14:00,1860.23,8,1863.96
465,长江,云南省,牛栏江,小河,11-11 14:00,776.66,0,779.3
466,长江,云南省,大汶溪,新华（二）,11-11 14:00,390.51,1,394.7
467,长江,四川省,昭觉河,昭觉,11-11 14:00,9.25,1,13.5
468,长江,四川省,美姑河,美姑,11-11 14:00,36.11,0,0.0
469,长江,云南省,关河,豆沙关（二）,11-11 14:00,461.81,49,467.8
470,长江,四川省,西宁河,西宁,11-11 14:00,762.53,12,766.5
471,长江,四川省,横江,横江(二),11-11 14:00,285.99,207,290.0
472,长江,云南省,白水江,牛街,11-11 14:00,537.675,67,542.45
473,长江,四川省,南广河,福溪,11-11 14:00,96.08,42,108.4
474,长江,四川省,永宁河,叙永,11-11 14:00,327.59,20,334.1
475,长江,贵州省,赤水河,赤水河,11-11 14:00,793.62,34,798.0
476,长江,贵州省,赤水河,茅台,11-11 14:00,404.83,76,412.1
477,长江,贵州省,赤水河,赤水,11-11 14:00,222.84,229,230.0
478,长江,贵州省,牛渡河,二郎坝,11-11 14:00,394.53,107,400.0
479,长江,贵州省,官渡河,桐梓,11-11 14:00,918.55,0,923.0
480,长江,四川省,小槽河-塘河（狮头河）,天堂岩,11-11 14:00,15.37,6,21.6
481,长江流域（区域）,重庆市,綦江,东溪,11-11 14:00,279.14,39,283.59
482,长江,重庆市,綦江,五岔,11-11 08:00,193.99,88,198.51
483,长江,贵州省,松坎河,松坎(三),11-11 14:00,406.2,2,410.0
484,长江流域（区域）,重庆市,蒲河,石角,11-11 14:00,236.92,5,241.11
485,长江,重庆市,复兴河,沙滩,11-11 14:00,245.47,0,250.0
486,长江,重庆市,渠溪河,两河,11-11 14:00,237.33,0,240.5
487,长江,重庆市,龙河,石柱,11-11 14:00,550.89,0,556.32
488,长江,重庆市,东河,温泉,11-11 14:00,191.49,22,196.2
489,长江,重庆市,普里河,花林,11-11 14:00,186.13,7,191.4
490,长江,重庆市,梅溪河,明水,11-11 14:00,196.39,0,205.0
491,长江,重庆市,大宁河,巫溪(二),11-11 14:00,203.43,66,210.3
492,长江,重庆市,大宁河,大昌(二),11-11 14:00,168.58,0,0.0
493,长江,重庆市,南河,临江,11-11 14:00,172.49,0,0.0
494,长江,四川省,岷江,镇江关,11-11 14:00,2447.86,54,2449.5
495,长江,四川省,岷江,凤仪,11-11 14:00,1543.03,241,1546.36
496,长江,四川省,岷江,都江堰,11-11 14:00,732.91,558,736.05
497,长江,四川省,岷江,彭山（四）,11-11 14:00,418.46,458,423.5
498,长江,四川省,岷江,乌尤寺,11-11 14:00,354.71,0,360.8
499,长江,四川省,岷江,五通桥（二）,11-11 14:00,336.12,4010,342.2
500,长江,四川省,岷江,高场(五),11-11 14:00,275.91,1770,285.0
501,长江,四川省,黑水河,黑水,11-11 14:00,2303.3,19,2304.871
502,长江,四川省,杂谷脑河,杂谷脑,11-11 14:00,1830.43,45,1832.55
503,长江,四川省,渔子溪,渔子溪,11-11 14:00,887.19,0,890.61
504,长江,四川省,南河,邛崃,11-11 14:00,495.55,40,498.76
505,长江,四川省,斜江-南河,大邑,11-11 14:00,526.16,4,530.02
506,长江,四川省,干五里河,和平,11-11 14:00,87.14,2,90.4
507,长江,四川省,府河,望江楼,11-11 14:00,487.61,0,488.5
508,长江,四川省,马边河,马边,11-11 14:00,533.91,65,537.5
509,长江,四川省,马边河,清水溪（二）,11-11 14:00,6.07,186,11.6
510,长江,四川省,龙溪河,底堡,11-11 14:00,90.33,8,98.0
511,长江,四川省,越溪河,观音,11-11 14:00,298.58,8,310.2
512,长江,四川省,大金川,大金,11-11 14:00,2141.79,366,2145.871
513,长江,四川省,大渡河,丹巴,11-11 14:00,2276.56,546,2283.91
514,长江,四川省,大渡河,泸定,11-11 14:00,1306.68,690,1312.23
515,长江,四川省,大渡河,石棉,11-11 14:00,849.64,1550,853.87
516,长江,四川省,大渡河,峨边,11-11 14:00,531.22,1240,536.0
517,长江,四川省,小金川,小金,11-11 14:00,2298.27,43,0.0
518,长江,四川省,折多河,康定,11-11 14:00,2489.66,28,2490.79
519,长江,四川省,流沙河,流沙河,11-11 14:00,862.38,10,864.98
520,长江,四川省,尼日河,岩润,11-11 14:00,13.36,17,19.35
521,长江,四川省,宝兴河,宝兴,11-11 14:00,998.4,93,1000.41
522,长江,四川省,青衣江,多营坪,11-11 14:00,580.66,253,588.89
523,长江,四川省,青衣江,夹江,11-11 14:00,406.91,167,412.0
524,长江,四川省,天全河,天全,11-11 14:00,756.72,41,761.25
525,长江,四川省,荥经河,荥经,11-11 14:00,736.11,51,741.24
526,长江,四川省,周公河,孔坪,11-11 14:00,618.06,9,626.03
527,长江,四川省,花溪河,天宫,11-11 14:00,199.88,0,203.0
528,长江,四川省,沱江,三皇庙（二）,11-11 14:00,436.73,0,0.0
529,长江,四川省,沱江,登瀛岩,11-11 14:00,320.29,306,330.6
530,长江,四川省,沱江,富顺,11-11 14:00,262.24,354,272.3
531,长江,四川省,绵远河,汉王场,11-11 08:00,699.82,0,703.06
532,长江,四川省,石亭江,高景关,11-11 14:00,96.55,17,99.98
533,长江,四川省,湔江,关口,11-11 14:00,749.14,0,0.0
534,长江,四川省,毗河,石堤堰,11-11 14:00,533.95,10,536.24
535,长江,四川省,索溪-资水河（阳化河）,涌泉,11-11 14:00,20.04,0,21.9
536,长江,四川省,球溪河,北斗,11-11 14:00,7.81,10,17.0
537,长江,四川省,濛溪河,元滩湾,11-11 14:00,330.22,0,333.45
538,长江,四川省,釜溪河,自贡,11-11 14:00,280.78,11,285.4
539,长江,四川省,乌龙河(长滩河)-釜溪河,凌家场,11-11 14:00,290.47,0,296.6
540,长江,四川省,濑溪河,福集,11-11 14:00,285.88,0,290.8
541,长江,四川省,岷江,青神,11-11 14:00,384.68,578,391.3
542,长江,陕西省,嘉陵江,凤州,11-11 08:00,1010.99,4,0.0
543,长江,陕西省,嘉陵江,略阳,11-11 14:00,629.78,225,0.0
544,长江,四川省,嘉陵江,广元,11-11 14:00,94.7,0,98.0
545,长江,四川省,嘉陵江,阆中,11-11 14:00,352.07,0,355.25
546,长江,四川省,嘉陵江,金溪,11-11 14:00,295.2,920,306.5
547,长江,四川省,嘉陵江,南充,11-11 14:00,263.44,808,270.8
548,长江,四川省,嘉陵江,武胜,11-11 14:00,210.87,873,224.5
549,长江,重庆市,嘉陵江,北碚(三),11-11 14:00,176.9,2740,194.5
550,长江,四川省,白龙江,三磊坝（二）,11-11 14:00,74.06,409,80.7
551,长江,四川省,乔庄河,青川,11-11 14:00,801.56,0,803.2
552,长江,四川省,清江河,上寺（二）,11-11 14:00,497.87,0,504.0
553,长江,四川省,闻溪河,剑阁,11-11 14:00,459.88,1,468.3
554,长江,四川省,东河,清泉乡,11-11 14:00,357.34,62,363.6
555,长江,四川省,雍河,三川,11-11 14:00,10.07,1,17.4
556,长江,四川省,西河,肖家,11-11 14:00,46.31,18,54.1
557,长江,四川省,清溪河,蓬安,11-11 14:00,20.09,0,27.0
558,长江,四川省,李子溪,赵家祠,11-11 14:00,25.77,1,29.6
559,长江,四川省,南江-巴河,巴中,11-11 14:00,355.91,0,363.7
560,长江,四川省,巴河,七里沱,11-11 14:00,288.87,47,307.0
561,长江,四川省,巴河,风滩,11-11 14:00,288.08,13,300.2
562,长江,四川省,渠江,三汇,11-11 14:00,244.34,288,258.64
563,长江,四川省,渠江,罗渡溪(二),11-11 14:00,204.51,282,219.0
564,长江,四川省,通江-巴河,通江,11-11 14:00,340.43,57,344.0
565,长江,四川省,大通江-通江-巴河,碧溪,11-11 08:00,3.89,35,19.0
566,长江,四川省,小通江-通江-巴河,青峪,11-11 14:00,44.67,27,53.73
567,长江,四川省,长滩河-巴河,永红,11-11 14:00,47.62,2,55.97
568,长江,四川省,后河-州河,毛坝,11-11 14:00,350.27,19,360.6
569,长江,四川省,中河-后河-州河,黄金口,11-11 14:00,33.56,10,42.4
570,长江,四川省,流江河,静边,11-11 14:00,257.79,1,264.4
571,长江,四川省,涪江,平武,11-11 14:00,860.34,125,865.0
572,长江,四川省,涪江,江油,11-11 14:00,529.74,167,535.08
573,长江,四川省,涪江,涪江桥（二）,11-11 14:00,460.11,445,463.8
574,长江,四川省,涪江,潼川,11-11 14:00,365.59,0,374.0
575,长江,四川省,涪江,射洪,11-11 14:00,325.5,309,0.0
576,长江,四川省,涪江,南北堰,11-11 14:00,286.06,498,288.65
577,长江,重庆市,涪江,小河坝(三),11-11 14:00,237.22,464,0.0
578,长江,四川省,通口河,治城,11-11 14:00,712.01,75,0.0
579,长江,四川省,凯江,罗江,11-11 14:00,382.79,86,385.42
580,长江,四川省,凯江,三台,11-11 14:00,85.69,35,91.5
581,长江,四川省,梓潼河,梓潼,11-11 14:00,469.01,0,472.0
582,长江,四川省,梓潼河,天仙寺（二）,11-11 14:00,389.16,0,393.0
583,长江,四川省,郪江,胡家坝,11-11 14:00,299.84,0,304.3
584,长江,重庆市,安居河,泰安,11-11 14:00,242.68,5,246.5
585,长江,贵州省,乌江,乌江渡(三),11-11 14:00,627.4,1630,644.4
586,长江,贵州省,乌江,思南,11-11 14:00,360.443,0,372.0
587,长江,贵州省,乌江,沿河,11-11 14:00,288.92,0,301.0
588,长江,重庆市,乌江,龚滩(二),11-11 14:00,290.26,0,0.0
589,长江,重庆市,乌江,彭水(四),11-11 14:00,214.02,1180,225.0
590,长江,重庆市,乌江,武隆,11-11 14:00,175.73,1150,193.0
591,长江,贵州省,三岔河,阳长(纳雍县),11-11 14:00,1334.97,44,1338.7
592,长江,贵州省,六冲河,洪家渡（二）,11-11 14:00,976.87,198,989.0
593,长江,贵州省,织金河,织金,11-11 14:00,50.28,0,51.8
594,长江,贵州省,型江,平寨,11-11 14:00,1264.73,0,1268.0
595,长江,贵州省,修文河,修文,11-11 14:00,1232.47,11,1236.0
596,长江,贵州省,鱼梁河,禾丰,11-11 14:00,906.67,4,910.2
597,长江,贵州省,南明河,贵阳(三)水文站,11-11 14:00,1044.73,7,1049.3
598,长江,贵州省,独木河,下湾,11-11 14:00,972.95,9,977.3
599,长江,贵州省,余庆河,余庆(三),11-11 14:00,562.17,103,564.5
600,长江,贵州省,石阡河,石阡(二),11-11 14:00,450.9,2,455.0
601,长江,贵州省,印江河,印江,11-11 14:00,447.8,11,451.0
602,长江,重庆市,郁江,保家楼,11-11 14:00,237.99,59,248.71
603,长江,贵州省,芙蓉江,旺草,11-11 14:00,670.25,4,674.5
604,长江,贵州省,芙蓉江,长坝,11-11 14:00,381.88,0,393.5
605,长江,重庆市,大溪河,沿塘,11-11 14:00,491.03,0,497.0
606,长江,贵州省,乌江,构皮滩,11-11 14:00,434.29,0,0.0
607,长江,湖北省,雾渡河,雾渡河,11-11 14:00,406.23,2,410.0
608,长江,湖北省,沮漳河,河溶,11-11 14:00,39.82,24,48.5
609,长江,湖北省,清江,利川（二）,11-11 14:00,64.07,8,70.0
610,长江,湖北省,清江,恩施,11-11 14:00,408.8,41,415.5
611,长江,湖北省,清江,长阳(二),11-11 14:00,78.19,0,0.0
612,长江,湖北省,清江,高坝洲,11-11 14:00,39.61,20,51.5
613,长江,湖北省,清江,高坝洲,11-11 14:00,39.68,33,51.0
614,长江,湖北省,忠建河,宣恩（二）,11-11 14:00,492.69,18,496.0
615,长江,湖北省,丹水,高家堰,11-11 14:00,12.84,3,17.0
616,长江,湖北省,渔洋河,渔洋关,11-11 14:00,14.69,3,18.5
617,长江,湖北省,渔洋河,聂家河,11-11 14:00,80.66,80,84.0
618,长江,广西壮族自治区,湘江,全州（二）,11-11 14:00,144.25,147,150.5
619,长江,湖南省,湘江,祁阳(二),11-11 14:00,75.42,376,83.0
620,长江,湖南省,湘江,归阳,11-11 14:00,40.81,760,45.5
621,长江,湖南省,湘江,衡阳,11-11 14:00,52.81,1460,56.5
622,长江,湖南省,湘江,衡山(二),11-11 14:00,43.28,1625,49.0
623,长江,湖南省,湘江,株洲,11-11 14:00,31.57,1897,40.0
624,长江,湖南省,湘江,湘潭,11-11 14:00,31.26,2898,38.0
625,长江,湖南省,湘江,长沙(三),11-11 14:00,31.1,0,36.0
626,长江,广西壮族自治区,灌江,灌阳,11-11 14:00,245.33,25,248.0
627,长江,湖南省,消水,道县(二),11-11 14:00,166.16,266,170.0
628,长江,湖南省,永明河,江永,11-11 14:00,43.14,106,0.0
629,长江,湖南省,钟水,嘉禾(二),11-11 14:00,91.89,31,95.5
630,长江,湖南省,新田河,新田,11-11 14:00,186.36,14,188.05
631,长江,湖南省,蒸水,石门坎,11-11 14:00,34.91,8,0.0
632,长江,湖南省,蒸水,神山头,11-11 14:00,91.07,35,96.0
633,长江,湖南省,耒水,永兴(二),11-11 14:00,94.03,0,96.5
634,长江,湖南省,耒水,耒阳,11-11 14:00,73.25,156,77.5
635,长江,湖南省,郴水,郴州,11-11 14:00,1.09,10,3.67
636,长江,湖南省,洣水,龙家山,11-11 14:00,91.02,0,95.71
637,长江,湖南省,河漠水,炎陵,11-11 14:00,86.25,11,0.0
638,长江,湖南省,攸水,黄丰桥,11-11 14:00,92.55,0,0.0
639,长江,湖南省,永乐江,安仁,11-11 14:00,87.27,513,89.0
640,长江,湖南省,涓水,射埠(二),11-11 14:00,43.81,0,46.5
641,长江,湖南省,涟水,娄底,11-11 14:00,89.35,9,92.96
642,长江,湖南省,涟水,湘乡,11-11 14:00,42.16,0,47.0
643,长江,湖南省,侧水,双峰(二),11-11 14:00,71.9,9,76.0
644,长江,湖南省,浏渭河,双江口,11-11 14:00,20.09,54,26.7
645,长江,湖南省,浏渭河,朗梨,11-11 14:00,30.62,0,36.0
646,长江,湖南省,金井河,螺岭桥,11-11 14:00,22.42,1,0.0
647,长江,湖南省,沩水,宁乡(三),11-11 14:00,36.53,12,42.5
648,长江,湖南省,赧水,黄桥,11-11 14:00,264.51,25,267.0
649,长江,湖南省,赧水,隆回,11-11 14:00,245.54,331,250.0
650,长江,湖南省,资水,罗家庙,11-11 14:00,224.58,0,230.0
651,长江,湖南省,资水,邵阳,11-11 08:00,209.52,430,214.0
652,长江,湖南省,资水,冷水江(二),11-11 14:00,166.86,296,173.5
653,长江,湖南省,资水,新化,11-11 14:00,164.84,1264,170.22
654,长江,湖南省,资水,大埠溪,11-11 08:00,93.41,0,0.0
655,长江,湖南省,资水,桃江(二),11-11 14:00,32.59,287,39.2
656,长江,湖南省,资水,益阳(二),11-11 14:00,28.02,0,36.5
657,长江,湖南省,平溪,洞口(二),11-11 14:00,313.21,35,316.5
658,长江,湖南省,夫夷水,新宁,11-11 14:00,291.05,70,294.25
659,长江,湖南省,夫夷水,塘渡口,11-11 08:00,222.98,105,228.0
660,长江,湖南省,洢溪,竹溪坡,11-11 14:00,125.12,5,0.0
661,长江,湖南省,沂溪,蒙公塘,11-11 14:00,65.25,0,0.0
662,长江,贵州省,清水江,施洞,11-11 14:00,508.92,52,515.0
663,长江,湖南省,沅水,黔城,11-11 08:00,191.4,0,193.0
664,长江,湖南省,沅水,安江,11-11 14:00,153.38,338,163.0
665,长江,湖南省,沅水,浦市(二),11-11 14:00,108.93,717,119.46
666,长江,湖南省,沅水,五强溪(二),11-11 14:00,50.83,687,0.0
667,长江,湖南省,沅水,桃源,11-11 14:00,29.98,0,42.5
668,长江,湖南省,沅水,常德(二),11-11 14:00,29.09,0,39.0
669,长江,贵州省,剑江,文峰塔,11-11 14:00,766.18,224,767.8
670,长江,贵州省,马尾河,下司(二),11-11 14:00,603.22,1000,605.0
671,长江,贵州省,六洞河,六洞桥,11-11 14:00,525.41,34,527.5
672,长江,湖南省,渠水,通道,11-11 14:00,203.61,68,206.0
673,长江,湖南省,渠水,岩头,11-11 14:00,86.49,81,93.3
674,长江,贵州省,舞阳河,施秉,11-11 14:00,522.02,372,524.0
675,长江,贵州省,舞阳河,大菜园二(水位),11-11 14:00,456.95,26,460.0
676,长江,贵州省,舞阳河,玉屏(崇滩),11-11 14:00,328.102,68,336.0
677,长江,湖南省,巫水,洪江(二),11-11 14:00,171.37,140,174.5
678,长江,湖南省,莳竹水,党坪,11-11 14:00,97.23,5,101.0
679,长江,湖南省,溆水,溆浦(二),11-11 14:00,149.4,102,155.0
680,长江,湖南省,辰水,陶伊,11-11 14:00,130.91,61,136.5
681,长江,湖南省,武水,河溪,11-11 14:00,147.22,32,156.45
682,长江,湖南省,沱江,凤凰(二),11-11 14:00,301.14,7,303.5
683,长江,湖南省,峒河,吉首,11-11 14:00,179.67,1,184.54
684,长江,湖南省,酉水,高砌头(二),11-11 14:00,105.39,109,115.0
685,长江,重庆市,梅江,秀山,11-11 14:00,336.32,12,341.47
686,长江,湖南省,红岩溪,红岩溪,11-11 14:00,388.68,2,391.5
687,长江,湖南省,猛洞河,永顺,11-11 14:00,192.12,0,196.43
688,长江,湖南省,澧水(北源),凉水口,11-11 14:00,281.86,2,0.0
689,长江,湖南省,澧水,桑植(三),11-11 14:00,248.33,32,256.5
690,长江,湖南省,澧水,张家界,11-11 14:00,156.51,24,163.0
691,长江,湖南省,澧水,篢子头,11-11 14:00,102.79,0,0.0
692,长江,湖南省,澧水,石门,11-11 14:00,50.66,143,58.5
693,长江,湖南省,澧水,津市(二),11-11 14:00,30.59,0,41.0
694,长江,湖南省,溇水,淋溪河,11-10 08:00,220.29,1,0.0
695,长江,湖南省,溇水,长潭河,11-11 14:00,90.88,11,99.65
696,长江,湖南省,溹水,双枫潭,11-11 14:00,177.9,2,0.0
697,长江,湖南省,渫水,皂市(二),11-11 14:00,76.09,161,0.0
698,长江,湖北省,松滋河(西支),新江口,11-11 14:00,36.8,429,44.0
699,长江,湖北省,松滋河(东支),沙道观(二),11-11 14:00,35.28,42,44.0
700,长江,湖北省,虎渡河,弥陀寺(二),11-11 14:00,32.83,16,43.0
701,长江,湖北省,虎渡河,黄山头(闸上),11-11 14:00,33.25,0,39.0
702,长江,湖北省,虎渡河,黄山头(闸下),11-11 14:00,30.41,0,38.0
703,长江,湖北省,安乡河,藕池(康三),11-11 14:00,31.98,0,38.5
704,长江,湖北省,藕池河,藕池(管),11-11 14:00,29.92,6,38.5
705,长江,湖南省,藕池河(北支),南县(罗文窖),11-11 14:00,26.71,27,35.5
706,长江,湖南省,澧水,石龟山,11-11 14:00,30.15,292,38.5
707,长江,湖南省,松滋河(西支),官垸,11-11 14:00,30.8,0,39.5
708,长江,湖南省,松滋河(中支),自治局(三),11-11 14:00,30.75,0,39.0
709,长江,湖南省,松虎合流,安乡,11-11 14:00,29.43,501,37.0
710,长江,湖南省,沅江,牛鼻滩,11-11 14:00,29.24,0,0.0
711,长江,湖南省,沅江,周文庙,11-11 14:00,28.67,0,36.0
712,长江,湖南省,西洞庭湖湖口(北端),南咀,11-11 14:00,28.42,782,34.0
713,长江,湖南省,西洞庭湖湖口(南端),小河咀,11-11 14:00,28.35,775,34.0
714,长江,湖南省,草尾河,草尾,11-11 14:00,28.31,623,34.5
715,长江,湖南省,万子湖,沅江(二),11-11 14:00,28.41,0,33.5
716,长江,湖南省,资水,沙头(二),11-11 14:00,27.65,355,34.5
717,长江,湖南省,湘江(东支),湘阴,11-11 14:00,24.52,0,34.0
718,长江,湖南省,横岭湖,营田,11-11 14:00,24.38,0,33.5
719,长江,湖南省,汨罗江,加义(二),11-11 14:00,88.04,8,0.0
720,长江,湖南省,汨罗江,平江,11-11 14:00,67.61,0,70.5
721,长江,湖南省,汨罗江,伍市,11-11 08:00,29.26,59,0.0
722,长江,湖南省,东洞庭湖,鹿角(二),11-11 14:00,24.38,0,33.0
723,长江,,洞庭湖湖口,城陵矶(七里山),11-11 14:00,24.0,5860,32.5
724,长江,湖北省,滠水,黄陂,11-11 14:00,21.15,0,26.0
725,长江,湖北省,倒水,李家集,11-11 14:00,24.63,0,28.0
726,长江,湖北省,举水,柳子港,11-11 14:00,22.89,13,29.0
727,长江,湖北省,陆水,崇阳(二),11-11 14:00,52.68,25,0.0
728,长江,湖北省,陆水,洪下,11-11 14:00,53.24,0,0.0
729,长江,湖北省,大河,白霓桥(二),11-11 14:00,56.02,1,0.0
730,长江,陕西省,汉江,武侯镇,11-11 08:00,556.92,43,0.0
731,长江,陕西省,汉江,汉中,11-11 08:00,503.12,121,0.0
732,长江,陕西省,汉江,洋县,11-11 14:00,455.22,154,0.0
733,长江,陕西省,汉江,石泉,11-11 14:00,360.42,0,0.0
734,长江,陕西省,汉江,安康,11-11 14:00,235.39,236,0.0
735,长江,陕西省,汉江,白河,11-11 14:00,179.07,940,187.0
736,长江,湖北省,汉江,黄家港,11-11 14:00,88.56,713,0.0
737,长江,湖北省,汉江,襄阳,11-11 14:00,64.75,0,67.0
738,长江,湖北省,汉江,宜城,11-11 14:00,50.93,0,57.5
739,长江,湖北省,汉江,皇庄,11-11 14:00,41.64,1300,48.0
740,长江,湖北省,汉江,大同(二),11-11 14:00,39.86,0,46.2
741,长江,湖北省,汉江,沙洋(三),11-11 14:00,38.12,0,41.8
742,长江,湖北省,汉江,泽口,11-11 14:00,30.81,0,40.4
743,长江,湖北省,汉江,岳口,11-11 14:00,29.01,0,38.5
744,长江,湖北省,汉江,仙桃(二),11-11 14:00,25.26,1270,35.1
745,长江,湖北省,汉江,汉川,11-11 14:00,21.03,0,29.0
746,长江,陕西省,玉带河,铁锁关,11-11 14:00,734.21,11,0.0
747,长江,陕西省,沮水,茶店,11-11 08:00,596.25,3,0.0
748,长江,陕西省,漾家河,元墩,11-11 14:00,582.63,4,0.0
749,长江,陕西省,褒河,江口,11-11 14:00,879.89,21,0.0
750,长江,陕西省,褒河,马道,11-11 14:00,664.06,28,0.0
751,长江,陕西省,冷水河,三华石,11-11 14:00,514.52,0,0.0
752,长江,陕西省,湑水河,升仙村,11-11 14:00,512.65,28,0.0
753,长江,陕西省,酉水河,酉水街,11-11 14:00,503.59,4,0.0
754,长江,陕西省,子午河,两河口,11-11 14:00,463.79,2,0.0
755,长江,陕西省,牧马河,西乡,11-11 14:00,431.29,20,0.0
756,长江,陕西省,池河,马池,11-11 14:00,373.47,13,0.0
757,长江,四川省,任河,大竹河,11-11 14:00,33.24,249,40.45
758,长江,陕西省,任河,高滩,11-11 14:00,343.36,52,0.0
759,长江,陕西省,渚河,红椿,11-11 14:00,332.79,4,0.0
760,长江,陕西省,大道河,民主,11-11 14:00,386.23,1,0.0
761,长江,陕西省,岚河,六口,11-11 14:00,371.24,16,0.0
762,长江,陕西省,月河,长枪铺,11-11 14:00,245.86,28,0.0
763,长江,陕西省,恒河,恒口,11-11 14:00,275.7,24,0.0
764,长江,陕西省,黄洋河,县河口,11-11 14:00,266.94,9,0.0
765,长江,陕西省,坝河,桂花园,11-11 14:00,247.71,11,0.0
766,长江,陕西省,旬河,柴坪,11-11 14:00,413.58,12,0.0
767,长江,陕西省,旬河,向家坪(二),11-11 14:00,237.33,124,0.0
768,长江,陕西省,乾佑河,柞水,11-11 14:00,796.42,1,0.0
769,长江,陕西省,乾佑河,青泥湾,11-11 14:00,552.08,30,0.0
770,长江,陕西省,蜀河,蜀河,11-11 14:00,213.71,2,0.0
771,长江,陕西省,金钱河,南宽坪,11-11 08:00,378.23,51,0.0
772,长江,湖北省,金钱河,长沙坝(二),11-11 14:00,193.88,0,0.0
773,长江,陕西省,白石河,白岩,11-11 14:00,206.08,2,0.0
774,长江,湖北省,堵河,黄龙滩,11-11 14:00,169.86,435,0.0
775,长江,湖北省,南河,谷城,11-11 14:00,81.64,2,88.5
776,长江,湖北省,蛮河,朱市,11-11 14:00,55.05,0,60.0
777,长江,陕西省,丹江,丹凤,11-11 08:00,544.01,12,0.0
778,长江,河南省,丹江,荆紫关,11-11 08:00,209.51,52,0.0
779,长江,陕西省,银花河,竹林关,11-11 08:00,419.07,7,0.0
780,长江,陕西省,武关河,武关,11-11 08:00,480.32,2,0.0
781,长江,河南省,淇河,西坪,11-11 08:00,91.0,5,0.0
782,长江,河南省,老灌河,西峡,11-11 08:00,73.26,4,0.0
783,长江,湖北省,唐白河,董坡,11-11 14:00,64.16,84,69.2
784,长江,河南省,白河,白土岗,11-11 08:00,177.5,8,0.0
785,长江,河南省,白河,南阳,11-10 08:00,109.72,30,0.0
786,长江,湖北省,白河,新店铺,11-11 14:00,74.81,76,82.0
787,长江,河南省,黄鸭河,李青店,11-11 08:00,197.07,3,0.0
788,长江,河南省,湍河,内乡,11-11 08:00,96.24,5,0.0
789,长江,河南省,湍河,急滩,11-11 08:00,92.16,24,0.0
790,长江,河南省,唐河,社旗,11-11 08:00,106.95,6,113.0
791,长江,河南省,唐河,唐河,11-11 08:00,89.67,11,96.0
792,长江,河南省,唐河,郭滩,11-11 14:00,78.03,31,87.23
793,长江,河南省,泌阳河,泌阳,11-11 08:00,133.99,2,0.0
794,长江,河南省,三夹河,平氏,11-11 08:00,-2.9,1,0.0
795,长江,湖北省,涢水,隔蒲潭,11-11 14:00,22.49,17,30.5
796,长江,湖北省,府澴河,卧龙潭,11-11 14:00,21.25,0,27.0
797,长江,湖北省,澴水,花园,11-11 14:00,32.15,11,37.5
798,长江,湖北省,东荆河,潜江,11-11 14:00,30.21,150,39.7
799,长江流域,江西省,赣江,栋背,11-11 14:00,68.4,0,0.0
800,长江流域,江西省,赣江,泰和,11-11 14:00,57.63,0,61.0
801,长江流域,江西省,赣江,吉安,11-11 14:00,47.34,1177,50.5
802,长江流域,江西省,赣江,峡江,11-11 14:00,35.13,1007,41.5
803,长江流域,江西省,赣江,樟树,11-11 14:00,25.56,1192,33.0
804,长江流域,江西省,赣江,丰城,11-11 14:00,25.66,0,29.6
805,长江流域,江西省,赣江,外洲,11-11 14:00,14.05,1220,23.5
806,长江流域,江西省,赣江,南昌,11-11 14:00,13.99,0,23.0
807,长江,江西省,绵水,瑞金,11-11 14:00,187.29,0,192.0
808,长江,江西省,贡水,赣州,11-11 14:00,94.03,138,99.0
809,长江,江西省,湘水,麻州,11-11 14:00,89.12,14,95.5
810,长江,江西省,濂水,羊信江,11-11 14:00,195.11,4,197.5
811,长江,江西省,梅川,宁都,11-11 14:00,184.71,138,186.0
812,长江,江西省,梅川,汾坑,11-11 14:00,124.21,18,130.0
813,长江,江西省,琴江,石城,11-11 14:00,220.2,4,225.5
814,长江,江西省,桃江,居龙滩,11-11 14:00,102.27,0,109.0
815,长江,江西省,太平江,杜头,11-11 14:00,90.13,6,93.0
816,长江,江西省,章水,坝上,11-11 14:00,97.47,74,99.0
817,长江流域,江西省,孤江,白沙,11-11 14:00,82.05,3,88.0
818,长江流域,江西省,禾水,永新,11-11 14:00,108.23,70,112.5
819,长江流域,江西省,禾水,上沙兰,11-11 14:00,55.22,54,59.5
820,长江流域,江西省,文汇江,莲花,11-11 14:00,92.93,13,0.0
821,长江流域,江西省,乌江,新田,11-11 14:00,48.09,28,53.5
822,长江流域,江西省,袁水,宜春,11-11 14:00,85.05,116,88.0
823,长江流域,江西省,袁水,新余,11-11 14:00,41.9,0,45.0
824,长江流域,江西省,锦河,上高,11-11 14:00,42.29,31,48.5
825,长江流域,江西省,锦河,高安,11-11 14:00,22.44,50,31.0
826,长江流域,江西省,万载河,危坊,11-11 14:00,72.18,9,76.0
827,长江流域,江西省,抚河,廖家湾,11-11 08:00,35.87,73,41.3
828,长江流域,江西省,抚河,李家渡,11-11 14:00,22.25,262,30.5
829,长江流域,江西省,盱江,沙子岭,11-11 14:00,117.22,3,123.0
830,长江流域,江西省,盱江,南丰,11-11 14:00,73.68,35,78.5
831,长江流域,江西省,盱江,南城,11-11 14:00,64.17,0,67.5
832,长江流域,江西省,宜黄水,桃陂,11-11 14:00,66.32,40,69.5
833,长江流域,江西省,崇仁水,崇仁,11-11 14:00,50.99,4,54.0
834,长江流域,江西省,相水,马口,11-11 14:00,74.82,1,79.0
835,上饶以上,江西省,信江,上饶,11-11 14:00,64.97,0,66.0
836,上饶到弋阳,江西省,信江,河口,11-11 14:00,44.64,0,52.0
837,上饶到弋阳,江西省,信江,弋阳,11-11 14:00,37.08,128,44.0
838,弋阳到梅港,江西省,信江,贵溪,11-11 14:00,30.05,0,34.0
839,弋阳到梅港,江西省,信江,鹰潭,11-11 14:00,26.31,0,30.0
840,弋阳以下,江西省,信江,梅港,11-11 14:00,20.13,413,26.0
841,上饶以上,江西省,玉山水,玉山,11-11 14:00,73.92,0,78.0
842,上饶以上,江西省,丰溪河,广丰,11-11 14:00,88.7,0,92.0
843,上饶到弋阳,江西省,含珠水,铁路坪,11-11 14:00,58.11,0,0.0
844,白塔河,江西省,白塔河,耙石,11-11 14:00,28.43,0,31.0
845,长江流域,江西省,泸溪水,柏泉,11-11 14:00,155.2,2,158.0
846,长江流域,江西省,昌江,潭口,11-11 14:00,53.58,15,58.0
847,长江流域,江西省,昌江,樟树坑,11-11 14:00,27.61,7,34.5
848,长江流域,江西省,昌江,渡峰坑,11-11 14:00,21.7,14,28.5
849,长江,江西省,饶河,鄱阳,11-11 14:00,14.38,0,19.5
850,香屯以上,江西省,乐安河,香屯,11-11 14:00,30.55,12,38.0
851,长江流域,江西省,乐安河,虎山,11-11 14:00,18.87,66,26.0
852,长江,江西省,乐安河,石镇街,11-11 14:00,14.24,0,20.0
853,婺源以上,江西省,乐安河,婺源,11-11 14:00,53.32,16,58.0
854,婺源以上,江西省,段莘水,汪口,11-11 14:00,67.78,2,0.0
855,长江,江西省,修河,高沙,11-11 14:00,94.53,0,0.0
856,长江,江西省,修河,永修,11-11 14:00,14.43,0,20.0
857,长江流域,江西省,潦水,万家埠,11-11 14:00,19.77,61,27.0
858,长江流域,江西省,南潦水,晋坪,11-11 14:00,43.08,2,47.5
859,长江流域,江西省,南潦水,奉新,11-11 14:00,21.7,0,25.0
860,长江流域,江西省,北潦南河,靖安,11-11 14:00,57.94,9,61.1
861,长江,江西省,湖口水道,星子,11-11 14:00,11.25,0,19.0
862,长江,江西省,鄱阳湖湖口,湖口,11-11 14:00,11.15,2450,19.5
863,长江,江西省,鄱阳湖,都昌,11-11 14:00,11.12,0,19.0
864,长江,江西省,鄱阳湖,康山,11-11 14:00,13.16,0,19.5
865,长江流域,江西省,赣江西支,昌邑,11-11 14:00,12.46,0,20.0
866,长江,江西省,博阳河,梓坊,11-11 14:00,22.58,9,26.0
867,长江,江苏省,秦淮河,东山,11-11 14:00,7.09,0,8.8
868,长江,江苏省,句容河,前垾村,11-11 14:00,7.15,0,0.0
869,长江,江苏省,句容河,句容水文站,11-11 14:00,7.233,0,0.0
870,长江,江苏省,老龙河,黄桥,11-11 14:00,2.49,0,3.8
871,长江,安徽省,皖河中下游,石牌,11-11 14:00,12.21,11,20.1
872,长江,安徽省,长河,周家河,11-11 14:00,94.11,0,0.0
873,长江,安徽省,长河,花凉亭东山头二,11-11 14:00,33.75,3,36.9
874,长江,安徽省,皖水,岳西,11-11 14:00,366.17,0,0.0
875,长江,安徽省,丰乐河,桃溪,11-11 14:00,9.25,8,15.56
876,长江,安徽省,南淝河,合肥,11-11 14:00,10.33,0,12.0
877,长江,安徽省,西河,缺口,11-11 14:00,8.54,0,10.5
878,长江,安徽省,青弋江,泾县,11-11 14:00,27.08,66,32.5
879,长江,安徽省,青弋江,西河镇,11-11 14:00,8.4,0,15.0
880,长江,安徽省,青弋江,大砻坊,11-11 14:00,5.52,0,11.2
881,长江,安徽省,水阳江,宣城,11-11 14:00,9.31,0,16.0
882,长江,安徽省,水阳江,新河庄,11-11 14:00,7.49,0,11.5
883,长江,安徽省,中东津河,河沥溪,11-11 14:00,47.3,0,51.23
884,长江,安徽省,姑溪河,当涂,11-11 14:00,5.15,0,10.3
885,长江,江苏省,固城湖,高淳,11-11 14:00,8.71,0,10.4
886,长江,安徽省,滁河,古河,11-11 14:00,8.96,0,0.0
887,长江,江苏省,滁河,晓桥,11-11 14:00,7.53,0,9.5
888,长江,江苏省,滁河,六合,11-11 14:00,7.48,0,8.2
889,长江,安徽省,清流河,滁州,11-11 14:00,11.13,0,14.0
890,长江,江苏省,马汊河,葛塘,11-11 14:00,4.33,0,8.86
891,长江,安徽省,徽水,旌德,11-11 14:00,193.0,0,194.5
892,长江流域太湖区,浙江省,南苕溪,余杭,11-11 14:00,3.29,0,7.16
893,长江流域太湖区,浙江省,东苕溪,瓶窑,11-11 14:00,1.4,0,5.66
894,长江流域太湖区,浙江省,苕溪,杭长桥,11-11 14:00,1.41,0,2.66
895,长江流域太湖区,浙江省,西苕溪,梅溪,11-11 14:00,1.41,0,5.17
896,长江流域太湖区,浙江省,西苕溪,港口,11-11 14:00,1.44,0,3.76
897,太湖,江苏省,宜溧漕河,溧阳(二),11-11 14:00,3.42,0,4.5
898,太湖,江苏省,西氿,宜兴（西）,11-11 14:00,3.37,0,4.2
899,太湖,江苏省,太滆运河,坊前,11-11 14:00,3.52,0,4.1
900,太湖,江苏省,太湖,大浦口,11-11 14:00,3.35,0,3.85
901,太湖,江苏省,太湖,望亭（太）,11-11 14:00,3.42,0,3.8
902,太湖,江苏省,琳桥港,琳桥,11-11 14:00,3.45,0,3.8
903,太湖,江苏省,太湖,胥口(闸上游),11-11 14:00,3.4,0,3.8
904,太湖,江苏省,太湖,洞庭西山(三),11-11 14:00,3.33,0,3.8
905,长江流域太湖区,浙江省,小梅港,小梅口,11-11 14:00,3.331,0,3.701
906,长江流域太湖区,浙江省,夹浦港,夹浦,11-11 14:00,3.311,0,3.701
907,太湖流域,江苏省,太湖,太湖水位,11-11 14:00,3.35,0,3.8
908,长江流域太湖区,浙江省,长兴港,长兴,11-11 14:00,1.44,1,2.66
909,太湖,江苏省,大运河,丹阳,11-11 14:00,3.47,0,5.6
910,太湖,江苏省,大运河（改线段）,常州(三),11-11 14:00,3.54,0,4.3
911,太湖,江苏省,大运河,无锡南门,11-11 14:00,3.22,0,0.0
912,太湖,江苏省,大运河,苏州（枫桥）,11-11 14:00,3.43,0,3.8
913,太湖,江苏省,望虞河,甘露,11-11 14:00,3.39,0,3.8
914,太湖,江苏省,白茆塘,常熟,11-11 14:00,3.3,0,3.7
915,太湖,江苏省,阳澄湖,湘城,11-11 14:00,3.28,0,3.7
916,太湖,江苏省,娄江,昆山,11-11 14:00,3.21,0,3.7
917,太湖,江苏省,太浦河,平望,11-11 14:00,3.13,0,3.7
918,太湖,江苏省,瓜泾港,瓜泾口,11-11 14:00,3.23,0,0.0
919,长江流域太湖区,浙江省,杭嘉平运河,崇德,11-11 14:00,1.31,0,1.86
920,长江流域太湖区,浙江省,杭嘉平运河,嘉兴,11-11 14:00,1.14,0,1.46
921,长江流域太湖区,浙江省,杭嘉平运河,王江泾,11-11 14:00,1.13,0,1.36
922,长江流域太湖区,浙江省,运河,新市,11-11 14:00,1.39,0,1.86
923,长江流域太湖区,浙江省,澜溪塘,乌镇,11-11 14:00,1.32,0,1.56
924,长江流域太湖区,浙江省,頔塘,南浔,11-11 14:00,1.41,1,1.66
925,长江流域太湖区,浙江省,下塘河,临平(下),11-11 14:00,1.37,0,2.16
926,长江流域太湖区,浙江省,海盐塘,欤城,11-11 14:00,1.22,0,1.46
927,太湖,江苏省,陈墓荡,陈墓(锦溪),11-11 14:00,3.17,0,3.6
928,浙闽台河流,浙江省,衢江,衢州,11-11 14:00,58.37,7,61.2
929,浙闽台河流,浙江省,兰江,兰溪,11-11 14:00,23.23,113,28.0
930,浙闽台河流,浙江省,富春江,富春江坝下,11-11 14:00,3.31,0,0.0
931,浙闽台河流,浙江省,金华江,金华,11-11 14:00,30.32,0,35.5
932,钱塘江,安徽省,新安江,屯溪,11-11 14:00,122.2,0,124.8
933,浙闽台河流,浙江省,新安江,新安江坝下,11-11 14:00,23.41,0,0.0
934,钱塘江,安徽省,练江,渔梁,11-11 14:00,110.55,4,114.5
935,浙闽台河流,浙江省,分水江,分水江,11-11 14:00,16.35,3,23.0
936,浙闽台河流,浙江省,浦阳江,诸暨（浣纱桥）,11-11 14:00,8.05,7,10.64
937,浙闽台河流,浙江省,浦阳江,湄池,11-11 14:00,3.46,0,8.2
938,浙闽台河流,浙江省,曹娥江,嵊州,11-11 14:00,14.42,14,16.1
939,浙闽台河流,浙江省,永安溪,柏枝岙,11-11 14:00,9.29,0,17.0
940,闽江,福建省,西溪,宁化,11-11 14:00,6.07,0,314.5
941,闽江,福建省,沙溪,永安,11-11 14:00,157.44,216,163.0
942,闽江,福建省,沙溪,梅列,11-11 14:00,125.89,0,127.0
943,闽江,福建省,沙溪,沙县,11-11 14:00,102.91,68,106.5
944,闽江,福建省,富屯溪,邵武,11-11 14:00,189.18,0,189.8
945,闽江,福建省,富屯溪,拿口,11-11 14:00,156.75,0,0.0
946,闽江,福建省,富屯溪,洋口,11-11 14:00,105.89,94,109.3
947,闽江,福建省,金溪,建宁,11-11 08:00,287.05,0,291.5
948,闽江,福建省,金溪,将乐,11-11 14:00,143.5,0,147.0
949,闽江,福建省,南浦溪,水吉,11-11 14:00,137.54,82,141.0
950,闽江,福建省,建溪,七里街,11-11 14:00,88.28,225,97.0
951,闽江,福建省,建溪,建阳,11-11 14:00,126.1,41,131.0
952,闽江,福建省,建溪,武夷山,11-11 14:00,200.33,27,202.0
953,闽江,福建省,麻阳溪,麻沙,11-11 14:00,185.73,12,188.3
954,闽江,福建省,松溪,松溪,11-11 14:00,186.26,5,188.8
955,闽江,福建省,松溪,东游,11-11 14:00,125.17,1,129.5
956,闽江,福建省,七星溪,政和,11-11 14:00,195.07,2,198.3
957,闽江,福建省,闽江,延福门,11-11 14:00,62.86,0,68.5
958,闽江,福建省,闽江,竹岐,11-11 14:00,-0.57,0,9.8
959,闽江,福建省,闽江,文山里,11-11 14:00,-0.12,0,0.0
960,闽江,福建省,尤溪,大田,11-11 14:00,352.97,4,355.0
961,闽江,福建省,尤溪,尤溪大桥,11-11 14:00,102.04,0,104.5
962,闽江,福建省,梅溪,闽清,11-11 14:00,13.09,13,15.8
963,闽江,福建省,大樟溪,永泰,11-11 14:00,27.23,7,31.0
964,晋江,福建省,晋江西溪,湖头,11-11 14:00,97.49,13,100.0
965,晋江,福建省,晋江西溪,安溪,11-11 14:00,39.35,0,42.0
966,晋江,福建省,晋江东溪,永春,11-11 14:00,114.42,0,115.2
967,晋江,福建省,晋江东溪,洪濑,11-11 14:00,18.18,0,20.5
968,闽东南诸河,福建省,九龙江,漳平,11-11 14:00,154.85,63,158.0
969,闽东南诸河,福建省,九龙江,浦南,11-11 14:00,4.2,0,9.0
970,闽东南诸河,福建省,西溪,郑店,11-11 14:00,2.9,0,7.5
971,闽东南诸河,福建省,西溪,中山桥,11-11 14:00,2.94,0,6.0
972,闽东南诸河,福建省,芗江,龙山,11-11 14:00,41.41,0,44.0
973,闽东南诸河,福建省,船场溪,船场,11-11 14:00,70.66,0,74.5
974,闽东南诸河,福建省,花山溪,平和,11-11 14:00,29.52,0,32.5
975,闽东诸河,福建省,交溪,白塔,11-11 14:00,20.27,38,26.0
976,闽东诸河,福建省,交溪,上白石,11-11 14:00,58.05,0,62.71
977,闽东诸河,福建省,霍童溪,洋中坂,11-11 14:00,16.42,7,21.25
978,闽南沿海诸河,福建省,木兰溪,濑溪,11-11 08:00,5.18,15,8.4
979,闽东南诸河,福建省,诏安东溪,诏安,11-11 14:00,1.89,0,4.0
980,珠江,云南省,南盘江,西桥,11-11 14:00,1827.46,43,1830.91
981,珠江,云南省,南盘江,高古马,11-11 14:00,1516.84,4,1521.8
982,珠江,云南省,南盘江,小龙潭,11-11 14:00,1037.29,47,1043.36
983,珠江,云南省,南盘江,江边街,11-11 14:00,963.2,81,969.3
984,珠江,广西壮族自治区,红水河,天峨,11-11 14:00,222.48,909,234.5
985,珠江,广西壮族自治区,红水河,都安,11-11 14:00,112.39,686,136.6
986,珠江,广西壮族自治区,红水河,迁江,11-11 14:00,58.68,331,81.7
987,珠江,广西壮族自治区,黔江,武宣,11-11 14:00,51.16,0,55.7
988,珠江,广西壮族自治区,浔江,大湟江口(二),11-11 14:00,21.66,3610,31.7
989,珠江,广西壮族自治区,浔江,平南,11-11 14:00,21.05,0,29.0
990,珠江,广西壮族自治区,浔江,藤县,11-11 14:00,20.48,0,23.0
991,珠江,广西壮族自治区,西江,梧州（四）,11-11 14:00,4.6,4100,18.5
992,珠江,广东省,西江,德庆(二),11-11 14:00,1.22,0,15.0
993,西江,广东省,西江,高要,11-11 14:00,0.59,6730,10.0
994,珠江,贵州省,马别河,马岭（水位1）,11-11 14:00,948.0,4,958.0
995,珠江,贵州省,乌都河,草坪头(水位1),11-11 14:00,1213.54,14,1218.0
996,珠江,广西壮族自治区,刁江,马陇,11-11 14:00,113.03,30,123.4
997,珠江,广西壮族自治区,清水河,上林(二),11-11 14:00,105.6,4,108.3
998,珠江,贵州省,都柳江,把本（临）,11-11 14:00,387.16,501,388.7
999,珠江,贵州省,都柳江,石灰厂,11-11 14:00,239.42,46,250.0
1000,珠江,广西壮族自治区,都柳江,涌尾,11-11 14:00,138.35,262,146.1
1001,珠江,广西壮族自治区,融江,长安,11-11 14:00,112.48,283,114.6
1002,珠江,广西壮族自治区,融江,融水,11-11 14:00,102.23,218,106.6
1003,珠江,广西壮族自治区,融江,柳城,11-11 14:00,93.12,0,93.8
1004,珠江,广西壮族自治区,柳江,柳州,11-11 14:00,77.56,376,82.5
1005,珠江,广西壮族自治区,柳江,象州,11-11 14:00,51.84,1170,69.0
1006,珠江,贵州省,寨蒿河,寨蒿,11-11 14:00,322.42,9,326.0
1007,珠江,广西壮族自治区,古宜河,勒黄,11-11 14:00,204.98,92,209.5
1008,珠江,广西壮族自治区,古宜河,古宜,11-11 14:00,150.95,0,152.6
1009,珠江,广西壮族自治区,浪溪河,富乐,11-11 14:00,152.84,12,157.5
1010,珠江,广西壮族自治区,阳江,小长安,11-11 14:00,99.92,13,107.4
1011,珠江,贵州省,樟江,荔波,11-11 14:00,411.99,82,419.5
1012,珠江,广西壮族自治区,龙江,金城江,11-11 14:00,181.97,108,188.0
1013,珠江,广西壮族自治区,龙江,三岔,11-11 14:00,96.5,372,107.6
1014,珠江,广西壮族自治区,环江,环江,11-11 14:00,192.1,11,198.0
1015,珠江,广西壮族自治区,东小江,天河,11-11 14:00,165.99,16,170.0
1016,珠江,广西壮族自治区,中洲小江,安马,11-11 14:00,140.23,28,152.2
1017,珠江,广西壮族自治区,洛清江,黄冕,11-11 14:00,94.37,76,102.7
1018,珠江,广西壮族自治区,洛清江,对亭,11-11 14:00,72.15,70,81.7
1019,珠江,广西壮族自治区,马来河,中里,11-11 14:00,108.68,0,112.5
1020,珠江,广西壮族自治区,白沙江,南义,11-11 14:00,91.3,2,96.0
1021,珠江,广西壮族自治区,蒙江,大化,11-11 14:00,107.57,4,111.0
1022,珠江,广西壮族自治区,蒙江,太平,11-11 14:00,34.05,46,37.2
1023,珠江,广西壮族自治区,大同江,水晏,11-11 14:00,79.69,0,84.5
1024,珠江,广西壮族自治区,北流河,北流,11-11 14:00,87.51,4,91.1
1025,珠江,广西壮族自治区,北流河,容县,11-11 14:00,73.59,0,74.2
1026,珠江,广西壮族自治区,北流河,象棋,11-11 14:00,36.5,50,38.7
1027,珠江,广西壮族自治区,北流河,金鸡（二）,11-11 14:00,28.16,102,33.0
1028,珠江,广西壮族自治区,杨梅河,杨梅,11-11 14:00,93.23,5,97.4
1029,珠江,广西壮族自治区,黄华江,南渡,11-11 14:00,78.82,26,84.6
1030,珠江,广西壮族自治区,义昌河,岑溪,11-11 14:00,90.24,8,94.6
1031,珠江,广西壮族自治区,郁江,南宁（三）,11-11 14:00,66.99,688,73.0
1032,珠江,广西壮族自治区,郁江,贵港,11-11 14:00,32.5,1080,41.2
1033,珠江,广西壮族自治区,左江,崇左,11-11 14:00,87.31,476,101.2
1034,珠江,广西壮族自治区,左江,扶绥,11-11 14:00,75.68,287,81.8
1035,珠江,广西壮族自治区,明江,宁明,11-11 14:00,110.15,79,117.9
1036,珠江,广西壮族自治区,黑水河,新和,11-11 14:00,109.87,132,121.2
1037,珠江,广西壮族自治区,向水河,大新,11-11 14:00,241.24,11,246.1
1038,珠江,广西壮族自治区,驮娘江,八达,11-11 14:00,688.48,13,689.8
1039,珠江,广西壮族自治区,右江,百色(三),11-11 14:00,114.88,63,116.2
1040,珠江,广西壮族自治区,右江,隆安,11-11 14:00,75.79,154,85.0
1041,珠江,云南省,普厅河,富宁,11-11 14:00,679.12,2,681.6
1042,珠江,广西壮族自治区,鉴河,荣华,11-11 14:00,222.79,26,226.3
1043,珠江,广西壮族自治区,武思江,大江口,11-11 14:00,104.96,12,108.5
1044,珠江,广西壮族自治区,大溶江,大溶江,11-11 14:00,183.69,16,187.2
1045,珠江,广西壮族自治区,桂江,桂林,11-11 14:00,142.01,110,146.0
1046,珠江,广西壮族自治区,桂江,阳朔,11-11 14:00,104.25,152,109.5
1047,珠江,广西壮族自治区,桂江,平乐,11-11 14:00,97.54,106,99.5
1048,珠江,广西壮族自治区,桂江,昭平,11-11 14:00,54.12,183,58.0
1049,珠江,广西壮族自治区,灵渠,灵渠,11-11 14:00,184.39,5,187.2
1050,珠江,广西壮族自治区,荔浦河,荔浦,11-11 14:00,140.21,45,143.2
1051,珠江,广西壮族自治区,恭城河,恭城,11-11 14:00,128.38,51,132.0
1052,珠江,广西壮族自治区,富群水,富罗（二）,11-11 14:00,64.89,7,68.2
1053,珠江,广西壮族自治区,贺江,富阳,11-11 14:00,185.99,2,187.8
1054,珠江,广西壮族自治区,贺江,信都（三）,11-11 14:00,46.15,40,50.7
1055,珠江,广东省,贺江,古榄,11-11 14:00,23.99,0,0.0
1056,珠江,广东省,罗定江,官良,11-11 14:00,24.84,31,31.0
1057,珠江,广东省,新兴江,腰古（二）,11-11 14:00,6.84,28,16.0
1058,珠江,广东省,浈江,小古菉,11-11 14:00,103.18,5,108.0
1059,珠江,广东省,北江,韶关(二),11-11 14:00,52.96,0,53.0
1060,珠江,广东省,北江,沙口,11-11 14:00,36.27,0,39.0
1061,珠江,广东省,北江,英德(五),11-11 14:00,23.88,0,26.0
1062,珠江,广东省,北江,飞来峡,11-11 14:00,10.41,326,18.0
1063,珠江,广东省,北江,清远(三),11-11 14:00,10.21,0,12.0
1064,珠江,广东省,北江,石角,11-11 14:00,0.41,227,11.0
1065,珠江,广东省,武江,坪石(二),11-11 14:00,153.08,89,157.5
1066,珠江,广东省,武江,犁市(二),11-11 14:00,60.27,106,61.0
1067,珠江,广东省,滃江,滃江,11-11 14:00,93.78,14,101.0
1068,珠江,广东省,连江,高道,11-11 14:00,23.88,0,0.0
1069,珠江,广东省,滨江,珠坑,11-11 14:00,18.52,7,24.5
1070,珠江,广东省,绥江,古水,11-11 14:00,28.41,0,30.6
1071,珠江,广东省,绥江,四会,11-11 14:00,7.43,60,10.8
1072,珠江,广东省,东江,龙川,11-11 14:00,67.02,5,68.5
1073,珠江,广东省,东江,河源,11-11 14:00,33.7,178,37.5
1074,珠江,广东省,东江,岭下,11-11 14:00,10.66,0,19.5
1075,珠江,广东省,东江,惠阳(二),11-11 14:00,10.54,0,13.0
1076,珠江,广东省,东江,博罗(二),11-11 14:00,0.06,294,11.2
1077,珠江,广东省,西枝江,平山(二),11-11 14:00,16.71,37,20.0
1078,珠江,广东省,增江,麒麟咀(二),11-11 14:00,5.87,3,8.5
1079,珠江,广东省,西江干流水道,马口,11-11 14:00,0.25,9180,7.5
1080,磨刀门,广东省,西海水道,天河(二),11-11 14:00,0.54,3890,5.74
1081,珠江,广东省,北江干流水道,三水(二),11-11 14:00,0.24,2070,7.5
1082,珠江,广东省,洪奇沥水道,冯马庙(二),11-11 14:00,0.13,0,0.0
1083,珠江,广西壮族自治区,南流江,横江,11-11 14:00,59.67,5,62.7
1084,珠江,广西壮族自治区,南流江,博白,11-11 14:00,46.02,12,50.2
1085,珠江,广西壮族自治区,南流江,常乐,11-11 14:00,10.57,29,16.0
1086,珠江,广西壮族自治区,合江,合江,11-11 14:00,42.15,4,46.1
1087,珠江,广西壮族自治区,钦江,陆屋,11-11 14:00,19.92,3,26.5
1088,珠江,广西壮族自治区,防城河,防城,11-11 14:00,1.92,0,5.5
1089,韩江,广东省,梅江,梅县(四),11-11 14:00,73.56,0,76.0
1090,韩江,广东省,梅江,横山(二),11-11 14:00,44.79,12,50.0
1091,韩江,广东省,韩江,潮安,11-11 14:00,13.01,145,13.5
1092,韩江,福建省,汀江,观音桥,11-11 14:00,305.32,8,307.8
1093,韩江,福建省,汀江,上杭,11-11 14:00,173.65,7,180.0
1094,韩江,广东省,汀江,溪口,11-11 14:00,7.5,0,11.0
1095,韩江,福建省,永定河,永定,11-11 14:00,176.63,8,179.3
1096,珠江,广东省,漠阳江,双捷,11-11 14:00,0.06,65,6.8
1097,珠江,广东省,潭水河,荆山,11-11 14:00,17.12,15,21.1
1098,鉴江,广东省,鉴江,高州(四),11-11 14:00,27.95,63,30.5
1099,鉴江,广东省,鉴江,化州(城),11-11 14:00,8.21,20,13.3
1100,粤西沿海诸河,广东省,九洲江,缸瓦窑(三),11-11 14:00,3.36,0,7.0
1101,南渡江,海南省,南渡江,金江,11-11 14:00,27.4,0,28.5
1102,南渡江,海南省,南渡江,定安（三）,11-11 08:00,8.82,0,16.0
1103,南渡江,海南省,南渡江,龙塘,11-11 14:00,8.63,0,12.5
1104,万泉河,海南省,万泉河,加积(二),11-11 14:00,2.02,0,9.5
1105,陵水河,海南省,陵水河,陵水,11-11 14:00,3.2,0,5.0
1106,昌化江,海南省,昌化江,宝桥,11-11 14:00,14.63,0,24.0
